variant_type,iteration,seed,parameter,numbers,jaccard_vs_reference
draw_group_bootstrap,1,22260729,,23 28 31 36 44 46,0.0
draw_group_bootstrap,2,22260730,,1 5 27 38 44 47,0.5
draw_group_bootstrap,3,22260731,,28 36 37 38 43 47,0.09090909090909091
draw_group_bootstrap,4,22260732,,1 2 23 27 36 38,0.2
draw_group_bootstrap,5,22260733,,2 3 15 28 31 32,0.09090909090909091
draw_group_bootstrap,6,22260734,,5 10 15 29 37 47,0.3333333333333333
draw_group_bootstrap,7,22260735,,1 28 38 44 45 47,0.2
draw_group_bootstrap,8,22260736,,4 10 23 24 40 47,0.09090909090909091
draw_group_bootstrap,9,22260737,,5 15 16 22 27 42,0.5
draw_group_bootstrap,10,22260738,,2 5 12 24 25 45,0.09090909090909091
draw_group_bootstrap,11,22260739,,10 15 22 25 28 47,0.3333333333333333
draw_group_bootstrap,12,22260740,,8 13 14 38 43 45,0.0
draw_group_bootstrap,13,22260741,,1 9 11 17 24 46,0.09090909090909091
draw_group_bootstrap,14,22260742,,5 10 15 17 23 29,0.2
draw_group_bootstrap,15,22260743,,1 3 15 28 43 44,0.2
draw_group_bootstrap,16,22260744,,15 22 35 37 45 47,0.3333333333333333
draw_group_bootstrap,17,22260745,,5 16 23 36 45 47,0.2
draw_group_bootstrap,18,22260746,,5 10 16 37 43 45,0.09090909090909091
draw_group_bootstrap,19,22260747,,4 20 25 32 39 45,0.0
draw_group_bootstrap,20,22260748,,1 11 16 23 28 41,0.09090909090909091
draw_group_bootstrap,21,22260749,,5 12 15 22 25 47,0.5
draw_group_bootstrap,22,22260750,,1 2 23 24 29 45,0.09090909090909091
draw_group_bootstrap,23,22260751,,8 29 42 45 47 48,0.09090909090909091
draw_group_bootstrap,24,22260752,,1 6 32 42 43 47,0.2
draw_group_bootstrap,25,22260753,,5 15 32 40 45 47,0.3333333333333333
draw_group_bootstrap,26,22260754,,5 15 22 27 28 43,0.5
draw_group_bootstrap,27,22260755,,1 3 4 11 24 44,0.09090909090909091
draw_group_bootstrap,28,22260756,,9 12 36 38 40 47,0.09090909090909091
draw_group_bootstrap,29,22260757,,5 6 24 43 45 47,0.2
draw_group_bootstrap,30,22260758,,13 26 34 44 45 48,0.0
draw_group_bootstrap,31,22260759,,5 7 12 25 29 42,0.09090909090909091
draw_group_bootstrap,32,22260760,,3 5 8 15 38 44,0.2
draw_group_bootstrap,33,22260761,,1 15 28 36 38 42,0.2
draw_group_bootstrap,34,22260762,,1 5 15 24 40 47,0.5
draw_group_bootstrap,35,22260763,,1 4 15 19 22 40,0.3333333333333333
draw_group_bootstrap,36,22260764,,5 8 16 27 35 38,0.2
draw_group_bootstrap,37,22260765,,1 5 8 13 22 45,0.3333333333333333
draw_group_bootstrap,38,22260766,,8 23 28 32 38 48,0.0
draw_group_bootstrap,39,22260767,,22 36 38 42 44 48,0.09090909090909091
draw_group_bootstrap,40,22260768,,5 7 22 25 26 27,0.3333333333333333
draw_group_bootstrap,41,22260769,,1 10 30 31 36 38,0.09090909090909091
draw_group_bootstrap,42,22260770,,1 5 12 15 34 40,0.3333333333333333
draw_group_bootstrap,43,22260771,,1 4 8 21 44 45,0.09090909090909091
draw_group_bootstrap,44,22260772,,1 9 11 23 31 35,0.09090909090909091
draw_group_bootstrap,45,22260773,,4 5 15 23 30 31,0.2
draw_group_bootstrap,46,22260774,,10 22 27 39 42 47,0.3333333333333333
draw_group_bootstrap,47,22260775,,1 4 6 16 20 47,0.2
draw_group_bootstrap,48,22260776,,1 5 15 24 27 36,0.5
draw_group_bootstrap,49,22260777,,1 8 15 36 45 47,0.3333333333333333
draw_group_bootstrap,50,22260778,,1 16 22 23 36 43,0.2
draw_group_bootstrap,51,22260779,,1 5 11 22 43 47,0.5
draw_group_bootstrap,52,22260780,,5 15 16 28 45 47,0.3333333333333333
draw_group_bootstrap,53,22260781,,1 2 4 22 38 47,0.3333333333333333
draw_group_bootstrap,54,22260782,,6 12 22 23 24 47,0.2
draw_group_bootstrap,55,22260783,,4 22 28 36 44 49,0.09090909090909091
draw_group_bootstrap,56,22260784,,15 31 36 37 44 47,0.2
draw_group_bootstrap,57,22260785,,1 2 9 24 31 36,0.09090909090909091
draw_group_bootstrap,58,22260786,,11 22 28 38 43 47,0.2
draw_group_bootstrap,59,22260787,,12 23 31 40 44 45,0.0
draw_group_bootstrap,60,22260788,,8 12 15 18 45 48,0.09090909090909091
draw_group_bootstrap,61,22260789,,9 15 18 25 47 48,0.2
draw_group_bootstrap,62,22260790,,1 5 13 15 23 45,0.3333333333333333
draw_group_bootstrap,63,22260791,,4 10 15 24 40 45,0.09090909090909091
draw_group_bootstrap,64,22260792,,1 5 16 28 36 44,0.2
draw_group_bootstrap,65,22260793,,1 4 23 36 40 43,0.09090909090909091
draw_group_bootstrap,66,22260794,,1 5 9 12 27 28,0.3333333333333333
draw_group_bootstrap,67,22260795,,5 15 16 17 36 37,0.2
draw_group_bootstrap,68,22260796,,6 15 22 24 28 49,0.2
draw_group_bootstrap,69,22260797,,5 9 15 32 42 46,0.2
draw_group_bootstrap,70,22260798,,1 15 23 38 40 49,0.2
draw_group_bootstrap,71,22260799,,12 13 19 23 28 31,0.0
draw_group_bootstrap,72,22260800,,22 24 27 38 44 47,0.3333333333333333
draw_group_bootstrap,73,22260801,,5 7 10 12 28 29,0.09090909090909091
draw_group_bootstrap,74,22260802,,1 2 5 31 35 38,0.2
draw_group_bootstrap,75,22260803,,1 22 24 28 37 40,0.2
draw_group_bootstrap,76,22260804,,1 4 5 36 45 47,0.3333333333333333
draw_group_bootstrap,77,22260805,,1 9 15 16 40 47,0.3333333333333333
draw_group_bootstrap,78,22260806,,5 10 16 31 41 44,0.09090909090909091
draw_group_bootstrap,79,22260807,,5 15 27 37 40 45,0.3333333333333333
draw_group_bootstrap,80,22260808,,4 15 22 37 38 42,0.2
draw_group_bootstrap,81,22260809,,9 12 28 31 42 47,0.09090909090909091
draw_group_bootstrap,82,22260810,,4 10 23 31 45 47,0.09090909090909091
draw_group_bootstrap,83,22260811,,5 10 16 23 24 49,0.09090909090909091
draw_group_bootstrap,84,22260812,,15 23 40 44 45 46,0.09090909090909091
draw_group_bootstrap,85,22260813,,2 28 40 42 43 45,0.0
draw_group_bootstrap,86,22260814,,1 15 23 34 40 49,0.2
draw_group_bootstrap,87,22260815,,1 15 16 17 24 27,0.3333333333333333
draw_group_bootstrap,88,22260816,,1 15 27 36 42 44,0.3333333333333333
draw_group_bootstrap,89,22260817,,1 5 7 15 25 45,0.3333333333333333
draw_group_bootstrap,90,22260818,,5 15 21 22 29 36,0.3333333333333333
draw_group_bootstrap,91,22260819,,1 4 18 24 36 41,0.09090909090909091
draw_group_bootstrap,92,22260820,,5 13 15 28 38 40,0.2
draw_group_bootstrap,93,22260821,,1 8 28 44 45 49,0.09090909090909091
draw_group_bootstrap,94,22260822,,1 5 6 11 12 45,0.2
draw_group_bootstrap,95,22260823,,5 29 31 36 38 44,0.09090909090909091
draw_group_bootstrap,96,22260824,,4 18 22 27 36 40,0.2
draw_group_bootstrap,97,22260825,,5 15 27 38 40 43,0.3333333333333333
draw_group_bootstrap,98,22260826,,6 12 27 28 43 47,0.2
draw_group_bootstrap,99,22260827,,5 7 23 38 40 47,0.2
draw_group_bootstrap,100,22260828,,4 28 42 45 47 48,0.09090909090909091
draw_group_bootstrap,101,22260829,,7 15 16 25 40 43,0.09090909090909091
draw_group_bootstrap,102,22260830,,15 18 25 40 44 47,0.2
draw_group_bootstrap,103,22260831,,1 2 5 15 23 48,0.3333333333333333
draw_group_bootstrap,104,22260832,,5 7 15 22 27 47,0.7142857142857143
draw_group_bootstrap,105,22260833,,13 15 23 24 25 31,0.09090909090909091
draw_group_bootstrap,106,22260834,,4 16 25 27 45 48,0.09090909090909091
draw_group_bootstrap,107,22260835,,5 6 15 22 36 40,0.3333333333333333
draw_group_bootstrap,108,22260836,,5 12 15 23 29 36,0.2
draw_group_bootstrap,109,22260837,,12 22 23 36 42 46,0.09090909090909091
draw_group_bootstrap,110,22260838,,13 23 27 40 45 47,0.2
draw_group_bootstrap,111,22260839,,2 5 21 35 38 40,0.09090909090909091
draw_group_bootstrap,112,22260840,,1 5 36 40 43 45,0.2
draw_group_bootstrap,113,22260841,,1 2 4 22 24 40,0.2
draw_group_bootstrap,114,22260842,,5 7 25 28 38 47,0.2
draw_group_bootstrap,115,22260843,,1 8 12 16 45 47,0.2
draw_group_bootstrap,116,22260844,,1 5 15 22 40 45,0.5
draw_group_bootstrap,117,22260845,,5 24 36 40 42 44,0.09090909090909091
draw_group_bootstrap,118,22260846,,5 22 23 24 27 45,0.3333333333333333
draw_group_bootstrap,119,22260847,,5 6 12 15 22 29,0.3333333333333333
draw_group_bootstrap,120,22260848,,4 6 10 22 43 45,0.09090909090909091
draw_group_bootstrap,121,22260849,,1 9 17 31 42 44,0.09090909090909091
draw_group_bootstrap,122,22260850,,1 5 6 25 28 40,0.2
draw_group_bootstrap,123,22260851,,5 10 11 15 22 43,0.3333333333333333
draw_group_bootstrap,124,22260852,,1 4 16 22 23 36,0.2
draw_group_bootstrap,125,22260853,,4 7 15 16 17 28,0.09090909090909091
draw_group_bootstrap,126,22260854,,2 6 7 31 47 48,0.09090909090909091
draw_group_bootstrap,127,22260855,,1 30 35 36 41 44,0.09090909090909091
draw_group_bootstrap,128,22260856,,7 22 27 28 47 48,0.3333333333333333
draw_group_bootstrap,129,22260857,,1 12 13 20 28 32,0.09090909090909091
draw_group_bootstrap,130,22260858,,1 5 15 22 24 45,0.5
draw_group_bootstrap,131,22260859,,5 11 15 22 24 38,0.3333333333333333
draw_group_bootstrap,132,22260860,,4 5 16 18 29 45,0.09090909090909091
draw_group_bootstrap,133,22260861,,1 2 23 24 31 44,0.09090909090909091
draw_group_bootstrap,134,22260862,,5 15 22 29 43 48,0.3333333333333333
draw_group_bootstrap,135,22260863,,5 6 16 22 27 47,0.5
draw_group_bootstrap,136,22260864,,12 23 31 34 44 47,0.09090909090909091
draw_group_bootstrap,137,22260865,,1 5 15 16 38 47,0.5
draw_group_bootstrap,138,22260866,,19 24 36 42 43 46,0.0
draw_group_bootstrap,139,22260867,,12 13 22 24 40 47,0.2
draw_group_bootstrap,140,22260868,,5 12 22 38 43 47,0.3333333333333333
draw_group_bootstrap,141,22260869,,1 2 17 24 32 36,0.09090909090909091
draw_group_bootstrap,142,22260870,,1 15 29 32 36 42,0.2
draw_group_bootstrap,143,22260871,,13 22 23 24 43 45,0.09090909090909091
draw_group_bootstrap,144,22260872,,1 11 15 25 39 40,0.2
draw_group_bootstrap,145,22260873,,4 5 6 15 25 43,0.2
draw_group_bootstrap,146,22260874,,3 8 15 24 32 40,0.09090909090909091
draw_group_bootstrap,147,22260875,,1 2 21 27 43 46,0.2
draw_group_bootstrap,148,22260876,,13 24 27 38 40 45,0.09090909090909091
draw_group_bootstrap,149,22260877,,1 5 22 27 40 49,0.5
draw_group_bootstrap,150,22260878,,7 15 22 25 36 42,0.2
draw_group_bootstrap,151,22260879,,1 5 15 16 22 45,0.5
draw_group_bootstrap,152,22260880,,1 8 24 31 41 44,0.09090909090909091
draw_group_bootstrap,153,22260881,,2 5 9 24 44 46,0.09090909090909091
draw_group_bootstrap,154,22260882,,12 16 31 37 43 47,0.09090909090909091
draw_group_bootstrap,155,22260883,,1 5 31 38 43 45,0.2
draw_group_bootstrap,156,22260884,,4 22 23 24 43 45,0.09090909090909091
draw_group_bootstrap,157,22260885,,4 5 15 27 40 48,0.3333333333333333
draw_group_bootstrap,158,22260886,,3 4 16 27 44 47,0.2
draw_group_bootstrap,159,22260887,,11 16 24 27 47 49,0.2
draw_group_bootstrap,160,22260888,,15 16 24 36 38 45,0.09090909090909091
draw_group_bootstrap,161,22260889,,9 15 24 25 40 45,0.09090909090909091
draw_group_bootstrap,162,22260890,,1 2 17 22 25 45,0.2
draw_group_bootstrap,163,22260891,,12 16 21 25 28 48,0.0
draw_group_bootstrap,164,22260892,,5 7 27 28 47 49,0.3333333333333333
draw_group_bootstrap,165,22260893,,5 10 14 24 27 32,0.2
draw_group_bootstrap,166,22260894,,11 15 17 23 31 36,0.09090909090909091
draw_group_bootstrap,167,22260895,,22 27 28 42 44 47,0.3333333333333333
draw_group_bootstrap,168,22260896,,5 7 12 15 38 47,0.3333333333333333
draw_group_bootstrap,169,22260897,,4 9 20 24 28 36,0.0
draw_group_bootstrap,170,22260898,,4 10 31 36 42 45,0.0
draw_group_bootstrap,171,22260899,,1 4 5 18 24 48,0.2
draw_group_bootstrap,172,22260900,,2 10 15 24 38 47,0.2
draw_group_bootstrap,173,22260901,,3 4 5 15 17 28,0.2
draw_group_bootstrap,174,22260902,,1 5 28 29 40 43,0.2
draw_group_bootstrap,175,22260903,,1 4 5 7 17 38,0.2
draw_group_bootstrap,176,22260904,,1 8 15 22 23 36,0.3333333333333333
draw_group_bootstrap,177,22260905,,1 5 15 22 35 42,0.5
draw_group_bootstrap,178,22260906,,22 24 25 27 38 40,0.2
draw_group_bootstrap,179,22260907,,12 15 22 28 40 48,0.2
draw_group_bootstrap,180,22260908,,4 5 22 24 43 48,0.2
draw_group_bootstrap,181,22260909,,16 22 24 27 43 45,0.2
draw_group_bootstrap,182,22260910,,2 5 7 15 22 40,0.3333333333333333
draw_group_bootstrap,183,22260911,,10 23 24 27 45 48,0.09090909090909091
draw_group_bootstrap,184,22260912,,5 11 22 31 40 43,0.2
draw_group_bootstrap,185,22260913,,3 12 22 24 36 43,0.09090909090909091
draw_group_bootstrap,186,22260914,,3 7 15 27 36 48,0.2
draw_group_bootstrap,187,22260915,,10 21 24 27 47 48,0.2
draw_group_bootstrap,188,22260916,,1 2 4 11 12 45,0.09090909090909091
draw_group_bootstrap,189,22260917,,20 22 25 28 42 47,0.2
draw_group_bootstrap,190,22260918,,5 15 16 27 43 47,0.5
draw_group_bootstrap,191,22260919,,1 5 31 40 48 49,0.2
draw_group_bootstrap,192,22260920,,5 15 16 28 38 47,0.3333333333333333
draw_group_bootstrap,193,22260921,,1 12 24 27 31 40,0.2
draw_group_bootstrap,194,22260922,,1 22 28 40 42 47,0.3333333333333333
draw_group_bootstrap,195,22260923,,1 12 15 24 36 43,0.2
draw_group_bootstrap,196,22260924,,5 10 27 44 45 49,0.2
draw_group_bootstrap,197,22260925,,1 27 28 31 40 45,0.2
draw_group_bootstrap,198,22260926,,22 23 28 36 39 42,0.09090909090909091
draw_group_bootstrap,199,22260927,,1 5 9 15 24 44,0.3333333333333333
draw_group_bootstrap,200,22260928,,1 4 16 25 41 45,0.09090909090909091
draw_group_bootstrap,201,22260929,,2 13 22 23 35 36,0.09090909090909091
draw_group_bootstrap,202,22260930,,1 5 10 22 31 45,0.3333333333333333
draw_group_bootstrap,203,22260931,,5 13 16 22 39 43,0.2
draw_group_bootstrap,204,22260932,,7 8 24 25 43 47,0.09090909090909091
draw_group_bootstrap,205,22260933,,24 25 27 28 43 47,0.2
draw_group_bootstrap,206,22260934,,2 24 28 31 36 45,0.0
draw_group_bootstrap,207,22260935,,1 3 9 15 24 48,0.2
draw_group_bootstrap,208,22260936,,1 5 16 31 47 48,0.3333333333333333
draw_group_bootstrap,209,22260937,,5 15 22 38 42 47,0.5
draw_group_bootstrap,210,22260938,,5 15 22 38 42 46,0.3333333333333333
draw_group_bootstrap,211,22260939,,1 5 13 15 37 44,0.3333333333333333
draw_group_bootstrap,212,22260940,,1 8 9 23 28 38,0.09090909090909091
draw_group_bootstrap,213,22260941,,5 15 22 27 31 43,0.5
draw_group_bootstrap,214,22260942,,1 4 12 28 40 45,0.09090909090909091
draw_group_bootstrap,215,22260943,,3 4 5 23 29 31,0.09090909090909091
draw_group_bootstrap,216,22260944,,5 15 22 27 38 48,0.5
draw_group_bootstrap,217,22260945,,5 11 24 27 28 45,0.2
draw_group_bootstrap,218,22260946,,7 11 13 23 38 45,0.0
draw_group_bootstrap,219,22260947,,7 13 16 36 45 47,0.09090909090909091
draw_group_bootstrap,220,22260948,,1 5 13 27 36 49,0.3333333333333333
draw_group_bootstrap,221,22260949,,3 4 5 7 15 29,0.2
draw_group_bootstrap,222,22260950,,23 24 28 37 46 47,0.09090909090909091
draw_group_bootstrap,223,22260951,,4 5 22 36 42 47,0.3333333333333333
draw_group_bootstrap,224,22260952,,1 4 5 17 22 47,0.5
draw_group_bootstrap,225,22260953,,4 18 22 25 28 47,0.2
draw_group_bootstrap,226,22260954,,3 24 28 36 43 44,0.0
draw_group_bootstrap,227,22260955,,1 5 12 22 25 38,0.3333333333333333
draw_group_bootstrap,228,22260956,,1 2 5 24 28 35,0.2
draw_group_bootstrap,229,22260957,,1 12 14 29 45 47,0.2
draw_group_bootstrap,230,22260958,,5 14 15 27 44 48,0.3333333333333333
draw_group_bootstrap,231,22260959,,2 21 22 31 36 37,0.09090909090909091
draw_group_bootstrap,232,22260960,,1 5 12 16 47 49,0.3333333333333333
draw_group_bootstrap,233,22260961,,2 5 15 28 38 43,0.2
draw_group_bootstrap,234,22260962,,11 13 22 24 34 36,0.09090909090909091
draw_group_bootstrap,235,22260963,,20 27 35 37 38 47,0.2
draw_group_bootstrap,236,22260964,,4 11 13 23 45 47,0.09090909090909091
draw_group_bootstrap,237,22260965,,3 4 16 28 45 49,0.0
draw_group_bootstrap,238,22260966,,1 7 15 22 36 47,0.5
draw_group_bootstrap,239,22260967,,5 10 22 38 43 45,0.2
draw_group_bootstrap,240,22260968,,1 21 32 41 43 44,0.09090909090909091
draw_group_bootstrap,241,22260969,,7 22 36 40 43 48,0.09090909090909091
draw_group_bootstrap,242,22260970,,5 15 17 27 38 47,0.5
draw_group_bootstrap,243,22260971,,4 5 12 15 24 40,0.2
draw_group_bootstrap,244,22260972,,2 4 11 16 23 27,0.09090909090909091
draw_group_bootstrap,245,22260973,,1 5 7 14 17 28,0.2
draw_group_bootstrap,246,22260974,,5 10 12 22 28 49,0.2
draw_group_bootstrap,247,22260975,,23 27 40 43 47 48,0.2
draw_group_bootstrap,248,22260976,,2 5 10 13 22 27,0.3333333333333333
draw_group_bootstrap,249,22260977,,1 3 27 35 37 46,0.2
draw_group_bootstrap,250,22260978,,1 12 24 28 47 48,0.2
draw_group_bootstrap,251,22260979,,1 5 15 17 22 38,0.5
draw_group_bootstrap,252,22260980,,11 13 28 31 38 44,0.0
draw_group_bootstrap,253,22260981,,1 24 36 38 40 44,0.09090909090909091
draw_group_bootstrap,254,22260982,,3 5 16 27 43 45,0.2
draw_group_bootstrap,255,22260983,,7 14 15 18 23 24,0.09090909090909091
draw_group_bootstrap,256,22260984,,1 5 17 22 27 45,0.5
draw_group_bootstrap,257,22260985,,27 43 45 47 48 49,0.2
draw_group_bootstrap,258,22260986,,3 4 5 24 25 36,0.09090909090909091
draw_group_bootstrap,259,22260987,,1 6 12 18 33 47,0.2
draw_group_bootstrap,260,22260988,,4 8 15 22 23 35,0.2
draw_group_bootstrap,261,22260989,,5 8 24 31 39 46,0.09090909090909091
draw_group_bootstrap,262,22260990,,5 15 17 21 23 38,0.2
draw_group_bootstrap,263,22260991,,8 15 16 24 28 43,0.09090909090909091
draw_group_bootstrap,264,22260992,,5 22 23 28 44 47,0.3333333333333333
draw_group_bootstrap,265,22260993,,4 5 12 16 27 47,0.3333333333333333
draw_group_bootstrap,266,22260994,,15 22 23 28 31 36,0.2
draw_group_bootstrap,267,22260995,,22 23 27 29 32 44,0.2
draw_group_bootstrap,268,22260996,,7 8 42 43 44 45,0.0
draw_group_bootstrap,269,22260997,,1 10 16 36 44 45,0.09090909090909091
draw_group_bootstrap,270,22260998,,4 5 7 15 16 37,0.2
draw_group_bootstrap,271,22260999,,1 9 14 15 41 44,0.2
draw_group_bootstrap,272,22261000,,20 22 25 28 45 47,0.2
draw_group_bootstrap,273,22261001,,15 22 26 31 43 44,0.2
draw_group_bootstrap,274,22261002,,1 16 22 27 31 43,0.3333333333333333
draw_group_bootstrap,275,22261003,,4 22 24 28 36 40,0.09090909090909091
draw_group_bootstrap,276,22261004,,4 5 12 20 27 29,0.2
draw_group_bootstrap,277,22261005,,1 18 27 28 42 47,0.3333333333333333
draw_group_bootstrap,278,22261006,,1 24 25 28 45 48,0.09090909090909091
draw_group_bootstrap,279,22261007,,1 5 15 40 45 47,0.5
draw_group_bootstrap,280,22261008,,1 8 26 28 31 45,0.09090909090909091
draw_group_bootstrap,281,22261009,,4 11 12 13 18 27,0.09090909090909091
draw_group_bootstrap,282,22261010,,5 15 27 38 40 45,0.3333333333333333
draw_group_bootstrap,283,22261011,,1 5 11 15 31 36,0.3333333333333333
draw_group_bootstrap,284,22261012,,1 5 16 24 43 45,0.2
draw_group_bootstrap,285,22261013,,1 5 22 36 40 45,0.3333333333333333
draw_group_bootstrap,286,22261014,,5 13 15 17 21 42,0.2
draw_group_bootstrap,287,22261015,,5 6 23 27 38 45,0.2
draw_group_bootstrap,288,22261016,,2 14 16 25 32 45,0.0
draw_group_bootstrap,289,22261017,,1 5 22 27 31 35,0.5
draw_group_bootstrap,290,22261018,,1 24 25 31 39 45,0.09090909090909091
draw_group_bootstrap,291,22261019,,1 15 27 44 45 47,0.5
draw_group_bootstrap,292,22261020,,1 2 28 35 36 40,0.09090909090909091
draw_group_bootstrap,293,22261021,,4 5 7 15 17 36,0.2
draw_group_bootstrap,294,22261022,,4 5 7 15 22 44,0.3333333333333333
draw_group_bootstrap,295,22261023,,1 2 31 36 38 39,0.09090909090909091
draw_group_bootstrap,296,22261024,,1 5 25 28 40 45,0.2
draw_group_bootstrap,297,22261025,,1 13 14 35 45 46,0.09090909090909091
draw_group_bootstrap,298,22261026,,5 15 22 28 37 45,0.3333333333333333
draw_group_bootstrap,299,22261027,,4 5 16 22 24 25,0.2
draw_group_bootstrap,300,22261028,,2 16 22 23 27 38,0.2
draw_group_bootstrap,301,22261029,,1 4 12 16 31 32,0.09090909090909091
draw_group_bootstrap,302,22261030,,5 12 15 22 27 44,0.5
draw_group_bootstrap,303,22261031,,4 15 16 22 45 47,0.3333333333333333
draw_group_bootstrap,304,22261032,,1 5 15 23 28 48,0.3333333333333333
draw_group_bootstrap,305,22261033,,12 23 29 40 47 48,0.09090909090909091
draw_group_bootstrap,306,22261034,,4 5 15 20 44 45,0.2
draw_group_bootstrap,307,22261035,,4 5 12 20 31 40,0.09090909090909091
draw_group_bootstrap,308,22261036,,23 27 28 35 39 44,0.09090909090909091
draw_group_bootstrap,309,22261037,,5 6 12 14 24 47,0.2
draw_group_bootstrap,310,22261038,,5 22 23 27 28 47,0.5
draw_group_bootstrap,311,22261039,,27 28 37 38 45 47,0.2
draw_group_bootstrap,312,22261040,,5 16 27 28 29 48,0.2
draw_group_bootstrap,313,22261041,,2 8 22 24 38 45,0.09090909090909091
draw_group_bootstrap,314,22261042,,8 28 37 38 43 47,0.09090909090909091
draw_group_bootstrap,315,22261043,,3 7 16 32 38 43,0.0
draw_group_bootstrap,316,22261044,,1 5 7 23 28 47,0.3333333333333333
draw_group_bootstrap,317,22261045,,1 9 23 24 36 49,0.09090909090909091
draw_group_bootstrap,318,22261046,,13 14 16 22 27 36,0.2
draw_group_bootstrap,319,22261047,,1 4 5 7 15 22,0.5
draw_group_bootstrap,320,22261048,,4 15 22 27 38 45,0.3333333333333333
draw_group_bootstrap,321,22261049,,13 15 17 22 45 47,0.3333333333333333
draw_group_bootstrap,322,22261050,,8 12 23 35 43 47,0.09090909090909091
draw_group_bootstrap,323,22261051,,23 32 34 36 38 42,0.0
draw_group_bootstrap,324,22261052,,1 3 5 27 28 47,0.5
draw_group_bootstrap,325,22261053,,12 16 22 24 25 36,0.09090909090909091
draw_group_bootstrap,326,22261054,,8 15 16 24 32 43,0.09090909090909091
draw_group_bootstrap,327,22261055,,1 4 12 24 28 36,0.09090909090909091
draw_group_bootstrap,328,22261056,,1 15 16 21 28 43,0.2
draw_group_bootstrap,329,22261057,,12 15 16 28 44 45,0.09090909090909091
draw_group_bootstrap,330,22261058,,1 4 8 22 43 46,0.2
draw_group_bootstrap,331,22261059,,3 12 23 31 38 39,0.0
draw_group_bootstrap,332,22261060,,2 15 22 27 45 47,0.5
draw_group_bootstrap,333,22261061,,1 24 31 36 41 44,0.09090909090909091
draw_group_bootstrap,334,22261062,,2 5 8 21 22 45,0.2
draw_group_bootstrap,335,22261063,,5 16 22 43 45 49,0.2
draw_group_bootstrap,336,22261064,,4 9 15 16 22 25,0.2
draw_group_bootstrap,337,22261065,,1 2 12 36 38 47,0.2
draw_group_bootstrap,338,22261066,,1 11 13 23 27 47,0.3333333333333333
draw_group_bootstrap,339,22261067,,7 16 22 27 39 45,0.2
draw_group_bootstrap,340,22261068,,6 22 25 40 44 45,0.09090909090909091
draw_group_bootstrap,341,22261069,,1 4 5 15 22 47,0.7142857142857143
draw_group_bootstrap,342,22261070,,4 5 7 22 26 38,0.2
draw_group_bootstrap,343,22261071,,1 5 13 23 27 38,0.3333333333333333
draw_group_bootstrap,344,22261072,,4 13 24 25 27 45,0.09090909090909091
draw_group_bootstrap,345,22261073,,2 13 17 28 40 48,0.0
draw_group_bootstrap,346,22261074,,1 21 22 38 46 47,0.3333333333333333
draw_group_bootstrap,347,22261075,,5 15 22 38 43 45,0.3333333333333333
draw_group_bootstrap,348,22261076,,1 28 32 38 43 47,0.2
draw_group_bootstrap,349,22261077,,4 5 12 15 29 37,0.2
draw_group_bootstrap,350,22261078,,1 4 6 9 28 29,0.09090909090909091
draw_group_bootstrap,351,22261079,,1 8 16 29 43 47,0.2
draw_group_bootstrap,352,22261080,,7 11 15 16 27 40,0.2
draw_group_bootstrap,353,22261081,,8 13 27 31 44 45,0.09090909090909091
draw_group_bootstrap,354,22261082,,1 13 23 24 25 41,0.09090909090909091
draw_group_bootstrap,355,22261083,,1 15 16 22 27 45,0.5
draw_group_bootstrap,356,22261084,,5 22 23 31 36 45,0.2
draw_group_bootstrap,357,22261085,,1 12 15 23 28 36,0.2
draw_group_bootstrap,358,22261086,,5 22 24 27 39 47,0.5
draw_group_bootstrap,359,22261087,,1 23 27 28 40 47,0.3333333333333333
draw_group_bootstrap,360,22261088,,5 15 22 38 43 45,0.3333333333333333
draw_group_bootstrap,361,22261089,,14 24 27 38 43 45,0.09090909090909091
draw_group_bootstrap,362,22261090,,7 8 17 38 45 49,0.0
draw_group_bootstrap,363,22261091,,4 10 15 22 36 45,0.2
draw_group_bootstrap,364,22261092,,1 4 29 36 43 47,0.2
draw_group_bootstrap,365,22261093,,1 5 8 27 40 44,0.3333333333333333
draw_group_bootstrap,366,22261094,,1 2 9 11 12 23,0.09090909090909091
draw_group_bootstrap,367,22261095,,10 15 16 28 38 47,0.2
draw_group_bootstrap,368,22261096,,9 10 12 31 36 39,0.0
draw_group_bootstrap,369,22261097,,1 13 15 16 39 42,0.2
draw_group_bootstrap,370,22261098,,5 11 15 36 40 45,0.2
draw_group_bootstrap,371,22261099,,22 37 38 43 44 47,0.2
draw_group_bootstrap,372,22261100,,1 22 24 38 45 47,0.3333333333333333
draw_group_bootstrap,373,22261101,,1 12 16 40 44 45,0.09090909090909091
draw_group_bootstrap,374,22261102,,1 28 39 40 42 46,0.09090909090909091
draw_group_bootstrap,375,22261103,,23 28 40 44 45 49,0.0
draw_group_bootstrap,376,22261104,,1 9 23 25 43 45,0.09090909090909091
draw_group_bootstrap,377,22261105,,3 6 14 28 36 46,0.0
draw_group_bootstrap,378,22261106,,1 7 11 15 22 27,0.5
draw_group_bootstrap,379,22261107,,5 38 40 45 47 48,0.2
draw_group_bootstrap,380,22261108,,5 13 22 23 27 47,0.5
draw_group_bootstrap,381,22261109,,1 13 15 32 44 49,0.2
draw_group_bootstrap,382,22261110,,22 24 25 28 38 49,0.09090909090909091
draw_group_bootstrap,383,22261111,,1 5 15 22 38 44,0.5
draw_group_bootstrap,384,22261112,,3 5 15 16 24 45,0.2
draw_group_bootstrap,385,22261113,,1 5 13 26 27 28,0.3333333333333333
draw_group_bootstrap,386,22261114,,1 24 31 44 45 47,0.2
draw_group_bootstrap,387,22261115,,1 16 22 38 43 47,0.3333333333333333
draw_group_bootstrap,388,22261116,,1 5 15 22 28 44,0.5
draw_group_bootstrap,389,22261117,,1 7 12 15 16 45,0.2
draw_group_bootstrap,390,22261118,,5 12 22 27 47 49,0.5
draw_group_bootstrap,391,22261119,,5 10 23 28 43 44,0.09090909090909091
draw_group_bootstrap,392,22261120,,4 5 10 11 36 38,0.09090909090909091
draw_group_bootstrap,393,22261121,,2 9 13 24 27 28,0.09090909090909091
draw_group_bootstrap,394,22261122,,1 8 18 36 41 46,0.09090909090909091
draw_group_bootstrap,395,22261123,,5 7 15 22 38 40,0.3333333333333333
draw_group_bootstrap,396,22261124,,5 15 24 31 40 47,0.3333333333333333
draw_group_bootstrap,397,22261125,,5 10 23 24 36 42,0.09090909090909091
draw_group_bootstrap,398,22261126,,5 12 15 40 45 48,0.2
draw_group_bootstrap,399,22261127,,1 5 8 20 25 48,0.2
draw_group_bootstrap,400,22261128,,12 13 32 36 39 42,0.0
draw_group_bootstrap,401,22261129,,15 21 24 28 32 42,0.09090909090909091
draw_group_bootstrap,402,22261130,,2 3 13 31 38 43,0.0
draw_group_bootstrap,403,22261131,,1 10 15 16 42 47,0.3333333333333333
draw_group_bootstrap,404,22261132,,5 13 22 38 44 45,0.2
draw_group_bootstrap,405,22261133,,2 3 11 14 15 20,0.09090909090909091
draw_group_bootstrap,406,22261134,,5 8 15 16 38 45,0.2
draw_group_bootstrap,407,22261135,,1 15 20 28 37 38,0.2
draw_group_bootstrap,408,22261136,,10 16 22 35 38 45,0.09090909090909091
draw_group_bootstrap,409,22261137,,1 5 8 15 22 37,0.5
draw_group_bootstrap,410,22261138,,3 5 15 22 27 40,0.5
draw_group_bootstrap,411,22261139,,5 7 20 43 44 45,0.09090909090909091
draw_group_bootstrap,412,22261140,,5 15 20 37 46 47,0.3333333333333333
draw_group_bootstrap,413,22261141,,1 19 27 37 47 48,0.3333333333333333
draw_group_bootstrap,414,22261142,,5 15 23 37 38 40,0.2
draw_group_bootstrap,415,22261143,,4 5 22 29 43 45,0.2
draw_group_bootstrap,416,22261144,,1 18 24 25 39 47,0.2
draw_group_bootstrap,417,22261145,,5 7 8 15 27 45,0.3333333333333333
draw_group_bootstrap,418,22261146,,5 27 31 38 40 44,0.2
draw_group_bootstrap,419,22261147,,5 14 15 31 38 47,0.3333333333333333
draw_group_bootstrap,420,22261148,,6 13 28 36 39 48,0.0
draw_group_bootstrap,421,22261149,,11 15 22 38 44 45,0.2
draw_group_bootstrap,422,22261150,,1 5 11 24 34 40,0.2
draw_group_bootstrap,423,22261151,,2 10 13 23 34 36,0.0
draw_group_bootstrap,424,22261152,,1 22 23 36 43 47,0.3333333333333333
draw_group_bootstrap,425,22261153,,5 12 22 23 38 44,0.2
draw_group_bootstrap,426,22261154,,1 7 15 24 36 43,0.2
draw_group_bootstrap,427,22261155,,1 12 27 28 40 48,0.2
draw_group_bootstrap,428,22261156,,5 10 27 40 42 48,0.2
draw_group_bootstrap,429,22261157,,1 5 23 26 31 42,0.2
draw_group_bootstrap,430,22261158,,4 15 16 22 45 47,0.3333333333333333
draw_group_bootstrap,431,22261159,,5 15 23 27 45 47,0.5
draw_group_bootstrap,432,22261160,,3 5 15 17 22 47,0.5
draw_group_bootstrap,433,22261161,,5 10 22 23 27 45,0.3333333333333333
draw_group_bootstrap,434,22261162,,5 8 24 44 45 47,0.2
draw_group_bootstrap,435,22261163,,1 3 31 34 36 46,0.09090909090909091
draw_group_bootstrap,436,22261164,,1 6 23 28 40 49,0.09090909090909091
draw_group_bootstrap,437,22261165,,5 10 15 27 31 47,0.5
draw_group_bootstrap,438,22261166,,2 15 17 27 28 38,0.2
draw_group_bootstrap,439,22261167,,8 16 23 27 43 47,0.2
draw_group_bootstrap,440,22261168,,1 6 11 12 17 31,0.09090909090909091
draw_group_bootstrap,441,22261169,,4 15 23 27 28 43,0.2
draw_group_bootstrap,442,22261170,,1 4 22 28 43 45,0.2
draw_group_bootstrap,443,22261171,,5 8 31 44 45 48,0.09090909090909091
draw_group_bootstrap,444,22261172,,1 2 4 10 22 35,0.2
draw_group_bootstrap,445,22261173,,2 4 16 45 47 49,0.09090909090909091
draw_group_bootstrap,446,22261174,,4 15 16 36 43 45,0.09090909090909091
draw_group_bootstrap,447,22261175,,5 15 22 29 47 49,0.5
draw_group_bootstrap,448,22261176,,9 10 22 23 24 44,0.09090909090909091
draw_group_bootstrap,449,22261177,,1 6 27 38 46 47,0.3333333333333333
draw_group_bootstrap,450,22261178,,1 8 12 16 23 42,0.09090909090909091
draw_group_bootstrap,451,22261179,,1 22 27 38 44 47,0.5
draw_group_bootstrap,452,22261180,,5 7 15 21 39 41,0.2
draw_group_bootstrap,453,22261181,,9 20 24 28 36 42,0.0
draw_group_bootstrap,454,22261182,,1 9 11 12 38 47,0.2
draw_group_bootstrap,455,22261183,,1 2 9 23 31 36,0.09090909090909091
draw_group_bootstrap,456,22261184,,7 9 15 23 29 36,0.09090909090909091
draw_group_bootstrap,457,22261185,,1 5 6 38 40 43,0.2
draw_group_bootstrap,458,22261186,,13 21 22 23 27 47,0.3333333333333333
draw_group_bootstrap,459,22261187,,5 8 15 27 32 44,0.3333333333333333
draw_group_bootstrap,460,22261188,,1 21 27 42 43 48,0.2
draw_group_bootstrap,461,22261189,,1 7 10 12 16 48,0.09090909090909091
draw_group_bootstrap,462,22261190,,5 6 11 38 44 47,0.2
draw_group_bootstrap,463,22261191,,1 16 23 28 36 44,0.09090909090909091
draw_group_bootstrap,464,22261192,,4 10 27 36 43 47,0.2
draw_group_bootstrap,465,22261193,,1 2 4 28 43 47,0.2
draw_group_bootstrap,466,22261194,,3 5 10 27 37 47,0.3333333333333333
draw_group_bootstrap,467,22261195,,8 15 16 22 23 44,0.2
draw_group_bootstrap,468,22261196,,4 5 10 16 43 45,0.09090909090909091
draw_group_bootstrap,469,22261197,,4 12 22 23 24 28,0.09090909090909091
draw_group_bootstrap,470,22261198,,9 10 15 28 36 44,0.09090909090909091
draw_group_bootstrap,471,22261199,,1 2 4 20 22 27,0.3333333333333333
draw_group_bootstrap,472,22261200,,1 17 23 29 40 42,0.09090909090909091
draw_group_bootstrap,473,22261201,,4 16 20 25 47 48,0.09090909090909091
draw_group_bootstrap,474,22261202,,1 4 7 16 27 45,0.2
draw_group_bootstrap,475,22261203,,2 9 23 38 45 48,0.0
draw_group_bootstrap,476,22261204,,5 10 15 17 22 27,0.5
draw_group_bootstrap,477,22261205,,10 12 23 24 39 47,0.09090909090909091
draw_group_bootstrap,478,22261206,,1 2 5 23 38 43,0.2
draw_group_bootstrap,479,22261207,,1 2 11 15 21 39,0.2
draw_group_bootstrap,480,22261208,,2 5 21 33 43 45,0.09090909090909091
draw_group_bootstrap,481,22261209,,8 13 24 38 40 45,0.0
draw_group_bootstrap,482,22261210,,10 16 22 25 31 42,0.09090909090909091
draw_group_bootstrap,483,22261211,,4 9 21 24 31 43,0.0
draw_group_bootstrap,484,22261212,,2 4 11 15 24 45,0.09090909090909091
draw_group_bootstrap,485,22261213,,5 10 15 19 35 36,0.2
draw_group_bootstrap,486,22261214,,5 10 15 36 38 40,0.2
draw_group_bootstrap,487,22261215,,1 4 5 18 23 37,0.2
draw_group_bootstrap,488,22261216,,1 15 20 21 23 47,0.3333333333333333
draw_group_bootstrap,489,22261217,,5 7 27 40 43 47,0.3333333333333333
draw_group_bootstrap,490,22261218,,5 22 38 40 45 48,0.2
draw_group_bootstrap,491,22261219,,6 24 25 39 40 42,0.0
draw_group_bootstrap,492,22261220,,4 25 28 41 45 49,0.0
draw_group_bootstrap,493,22261221,,1 9 10 11 20 44,0.09090909090909091
draw_group_bootstrap,494,22261222,,5 12 16 29 45 47,0.2
draw_group_bootstrap,495,22261223,,5 15 22 36 38 48,0.3333333333333333
draw_group_bootstrap,496,22261224,,8 22 28 44 45 46,0.09090909090909091
draw_group_bootstrap,497,22261225,,5 17 23 36 38 48,0.09090909090909091
draw_group_bootstrap,498,22261226,,1 11 12 27 42 43,0.2
draw_group_bootstrap,499,22261227,,5 15 23 24 40 44,0.2
draw_group_bootstrap,500,22261228,,5 13 15 36 40 43,0.2
draw_group_bootstrap,501,22261229,,1 22 24 35 40 47,0.3333333333333333
draw_group_bootstrap,502,22261230,,4 23 33 36 40 47,0.09090909090909091
draw_group_bootstrap,503,22261231,,9 15 20 22 36 42,0.2
draw_group_bootstrap,504,22261232,,2 7 25 35 42 47,0.09090909090909091
draw_group_bootstrap,505,22261233,,6 14 22 23 43 48,0.09090909090909091
draw_group_bootstrap,506,22261234,,1 2 5 11 15 49,0.3333333333333333
draw_group_bootstrap,507,22261235,,1 5 11 28 40 48,0.2
draw_group_bootstrap,508,22261236,,1 10 15 16 45 47,0.3333333333333333
draw_group_bootstrap,509,22261237,,11 20 23 24 40 41,0.0
draw_group_bootstrap,510,22261238,,4 12 15 16 22 24,0.2
draw_group_bootstrap,511,22261239,,1 28 40 43 45 48,0.09090909090909091
draw_group_bootstrap,512,22261240,,5 31 34 36 40 48,0.09090909090909091
draw_group_bootstrap,513,22261241,,1 13 31 34 38 47,0.2
draw_group_bootstrap,514,22261242,,1 4 8 36 38 40,0.09090909090909091
draw_group_bootstrap,515,22261243,,5 17 31 37 38 44,0.09090909090909091
draw_group_bootstrap,516,22261244,,5 8 12 17 43 48,0.09090909090909091
draw_group_bootstrap,517,22261245,,1 23 31 36 40 42,0.09090909090909091
draw_group_bootstrap,518,22261246,,1 22 23 36 45 47,0.3333333333333333
draw_group_bootstrap,519,22261247,,3 18 28 35 40 44,0.0
draw_group_bootstrap,520,22261248,,1 7 11 36 47 49,0.2
draw_group_bootstrap,521,22261249,,16 17 28 39 40 45,0.0
draw_group_bootstrap,522,22261250,,7 11 27 43 44 45,0.09090909090909091
draw_group_bootstrap,523,22261251,,1 27 30 37 38 46,0.2
draw_group_bootstrap,524,22261252,,1 7 13 22 23 36,0.2
draw_group_bootstrap,525,22261253,,5 13 21 25 43 49,0.09090909090909091
draw_group_bootstrap,526,22261254,,1 2 5 10 15 45,0.3333333333333333
draw_group_bootstrap,527,22261255,,1 5 22 36 40 42,0.3333333333333333
draw_group_bootstrap,528,22261256,,5 8 11 38 40 45,0.09090909090909091
draw_group_bootstrap,529,22261257,,4 5 10 15 36 45,0.2
draw_group_bootstrap,530,22261258,,5 7 16 23 40 45,0.09090909090909091
draw_group_bootstrap,531,22261259,,7 14 22 23 39 45,0.09090909090909091
draw_group_bootstrap,532,22261260,,7 25 26 28 32 36,0.0
draw_group_bootstrap,533,22261261,,1 15 29 36 39 47,0.3333333333333333
draw_group_bootstrap,534,22261262,,15 16 22 23 28 47,0.3333333333333333
draw_group_bootstrap,535,22261263,,8 11 15 21 23 33,0.09090909090909091
draw_group_bootstrap,536,22261264,,4 10 22 25 43 45,0.09090909090909091
draw_group_bootstrap,537,22261265,,7 22 24 25 27 47,0.3333333333333333
draw_group_bootstrap,538,22261266,,1 2 5 9 11 46,0.2
draw_group_bootstrap,539,22261267,,5 15 17 27 38 47,0.5
draw_group_bootstrap,540,22261268,,5 22 27 31 40 49,0.3333333333333333
draw_group_bootstrap,541,22261269,,1 11 16 24 40 45,0.09090909090909091
draw_group_bootstrap,542,22261270,,5 22 27 38 45 49,0.3333333333333333
draw_group_bootstrap,543,22261271,,1 8 22 25 31 40,0.2
draw_group_bootstrap,544,22261272,,16 18 25 27 43 47,0.2
draw_group_bootstrap,545,22261273,,8 16 26 27 28 48,0.09090909090909091
draw_group_bootstrap,546,22261274,,4 5 11 31 36 40,0.09090909090909091
draw_group_bootstrap,547,22261275,,3 8 12 13 36 40,0.0
draw_group_bootstrap,548,22261276,,2 4 5 10 15 45,0.2
draw_group_bootstrap,549,22261277,,1 5 10 16 29 43,0.2
draw_group_bootstrap,550,22261278,,15 28 31 35 36 48,0.09090909090909091
draw_group_bootstrap,551,22261279,,4 6 28 31 39 43,0.0
draw_group_bootstrap,552,22261280,,1 5 13 15 18 25,0.3333333333333333
draw_group_bootstrap,553,22261281,,5 13 15 27 28 47,0.5
draw_group_bootstrap,554,22261282,,5 22 38 39 43 48,0.2
draw_group_bootstrap,555,22261283,,4 5 7 25 27 43,0.2
draw_group_bootstrap,556,22261284,,15 32 38 39 43 47,0.2
draw_group_bootstrap,557,22261285,,1 6 9 27 36 37,0.2
draw_group_bootstrap,558,22261286,,5 7 15 38 43 45,0.2
draw_group_bootstrap,559,22261287,,7 25 28 39 43 48,0.0
draw_group_bootstrap,560,22261288,,1 10 23 36 42 43,0.09090909090909091
draw_group_bootstrap,561,22261289,,2 9 23 24 28 45,0.0
draw_group_bootstrap,562,22261290,,5 7 15 22 47 48,0.5
draw_group_bootstrap,563,22261291,,5 9 23 24 47 49,0.2
draw_group_bootstrap,564,22261292,,2 8 15 24 36 45,0.09090909090909091
draw_group_bootstrap,565,22261293,,12 15 18 25 38 43,0.09090909090909091
draw_group_bootstrap,566,22261294,,5 27 31 37 38 43,0.2
draw_group_bootstrap,567,22261295,,1 6 15 17 22 47,0.5
draw_group_bootstrap,568,22261296,,5 17 21 22 23 43,0.2
draw_group_bootstrap,569,22261297,,10 12 15 29 42 45,0.09090909090909091
draw_group_bootstrap,570,22261298,,27 31 40 42 44 45,0.09090909090909091
draw_group_bootstrap,571,22261299,,4 7 10 11 16 45,0.0
draw_group_bootstrap,572,22261300,,1 5 7 13 15 25,0.3333333333333333
draw_group_bootstrap,573,22261301,,2 8 15 28 42 44,0.09090909090909091
draw_group_bootstrap,574,22261302,,4 16 27 28 42 48,0.09090909090909091
draw_group_bootstrap,575,22261303,,15 22 27 36 43 47,0.5
draw_group_bootstrap,576,22261304,,5 8 10 22 23 28,0.2
draw_group_bootstrap,577,22261305,,4 7 16 25 36 38,0.0
draw_group_bootstrap,578,22261306,,5 7 13 15 28 42,0.2
draw_group_bootstrap,579,22261307,,2 5 15 27 28 40,0.3333333333333333
draw_group_bootstrap,580,22261308,,1 2 10 11 18 45,0.09090909090909091
draw_group_bootstrap,581,22261309,,12 26 28 42 43 47,0.09090909090909091
draw_group_bootstrap,582,22261310,,7 15 27 31 45 47,0.3333333333333333
draw_group_bootstrap,583,22261311,,2 7 15 26 47 48,0.2
draw_group_bootstrap,584,22261312,,1 22 23 24 31 42,0.2
draw_group_bootstrap,585,22261313,,1 11 35 36 41 45,0.09090909090909091
draw_group_bootstrap,586,22261314,,12 23 30 31 36 45,0.0
draw_group_bootstrap,587,22261315,,1 2 9 15 36 45,0.2
draw_group_bootstrap,588,22261316,,4 5 15 17 23 48,0.2
draw_group_bootstrap,589,22261317,,1 2 5 8 28 40,0.2
draw_group_bootstrap,590,22261318,,1 8 17 28 40 49,0.09090909090909091
draw_group_bootstrap,591,22261319,,1 5 8 23 45 47,0.3333333333333333
draw_group_bootstrap,592,22261320,,1 10 11 16 23 25,0.09090909090909091
draw_group_bootstrap,593,22261321,,1 7 11 21 22 27,0.3333333333333333
draw_group_bootstrap,594,22261322,,5 15 27 36 40 47,0.5
draw_group_bootstrap,595,22261323,,5 6 22 27 43 47,0.5
draw_group_bootstrap,596,22261324,,1 4 12 17 27 36,0.2
draw_group_bootstrap,597,22261325,,5 12 13 15 48 49,0.2
draw_group_bootstrap,598,22261326,,15 28 37 38 43 49,0.09090909090909091
draw_group_bootstrap,599,22261327,,15 22 32 35 45 47,0.3333333333333333
draw_group_bootstrap,600,22261328,,1 7 16 22 24 47,0.3333333333333333
draw_group_bootstrap,601,22261329,,5 22 28 36 40 47,0.3333333333333333
draw_group_bootstrap,602,22261330,,1 5 16 25 28 43,0.2
draw_group_bootstrap,603,22261331,,1 5 11 22 36 40,0.3333333333333333
draw_group_bootstrap,604,22261332,,4 18 23 27 46 47,0.2
draw_group_bootstrap,605,22261333,,4 23 24 40 45 48,0.0
draw_group_bootstrap,606,22261334,,1 8 23 32 36 43,0.09090909090909091
draw_group_bootstrap,607,22261335,,5 22 27 28 43 47,0.5
draw_group_bootstrap,608,22261336,,11 15 16 31 43 45,0.09090909090909091
draw_group_bootstrap,609,22261337,,1 2 5 23 24 47,0.3333333333333333
draw_group_bootstrap,610,22261338,,13 17 18 22 38 43,0.09090909090909091
draw_group_bootstrap,611,22261339,,5 21 38 42 43 44,0.09090909090909091
draw_group_bootstrap,612,22261340,,1 9 12 23 25 31,0.09090909090909091
draw_group_bootstrap,613,22261341,,1 2 8 36 41 46,0.09090909090909091
draw_group_bootstrap,614,22261342,,1 2 5 7 15 23,0.3333333333333333
draw_group_bootstrap,615,22261343,,1 5 21 22 36 47,0.5
draw_group_bootstrap,616,22261344,,4 5 38 44 47 49,0.2
draw_group_bootstrap,617,22261345,,11 13 16 22 24 42,0.09090909090909091
draw_group_bootstrap,618,22261346,,1 3 7 9 10 28,0.09090909090909091
draw_group_bootstrap,619,22261347,,1 3 24 38 40 45,0.09090909090909091
draw_group_bootstrap,620,22261348,,1 8 17 22 45 49,0.2
draw_group_bootstrap,621,22261349,,24 28 40 43 44 45,0.0
draw_group_bootstrap,622,22261350,,5 7 17 25 27 47,0.3333333333333333
draw_group_bootstrap,623,22261351,,1 5 38 40 47 48,0.3333333333333333
draw_group_bootstrap,624,22261352,,11 12 28 38 43 48,0.0
draw_group_bootstrap,625,22261353,,1 5 12 15 27 47,0.7142857142857143
draw_group_bootstrap,626,22261354,,1 5 9 36 42 49,0.2
draw_group_bootstrap,627,22261355,,7 12 29 36 48 49,0.0
draw_group_bootstrap,628,22261356,,1 12 27 28 36 39,0.2
draw_group_bootstrap,629,22261357,,2 16 22 28 40 43,0.09090909090909091
draw_group_bootstrap,630,22261358,,2 5 15 17 38 47,0.3333333333333333
draw_group_bootstrap,631,22261359,,1 3 15 23 25 27,0.3333333333333333
draw_group_bootstrap,632,22261360,,2 5 15 23 32 40,0.2
draw_group_bootstrap,633,22261361,,1 5 22 28 36 38,0.3333333333333333
draw_group_bootstrap,634,22261362,,1 8 15 22 23 44,0.3333333333333333
draw_group_bootstrap,635,22261363,,1 8 15 27 40 47,0.5
draw_group_bootstrap,636,22261364,,4 12 18 23 43 48,0.0
draw_group_bootstrap,637,22261365,,1 5 15 23 28 36,0.3333333333333333
draw_group_bootstrap,638,22261366,,5 7 13 14 22 47,0.3333333333333333
draw_group_bootstrap,639,22261367,,5 13 22 23 47 48,0.3333333333333333
draw_group_bootstrap,640,22261368,,16 22 27 37 45 47,0.3333333333333333
draw_group_bootstrap,641,22261369,,2 5 35 36 38 44,0.09090909090909091
draw_group_bootstrap,642,22261370,,2 9 22 36 42 44,0.09090909090909091
draw_group_bootstrap,643,22261371,,2 8 9 15 23 31,0.09090909090909091
draw_group_bootstrap,644,22261372,,1 2 6 16 39 47,0.2
draw_group_bootstrap,645,22261373,,15 17 27 42 44 47,0.3333333333333333
draw_group_bootstrap,646,22261374,,4 5 22 24 38 40,0.2
draw_group_bootstrap,647,22261375,,9 23 24 32 35 43,0.0
draw_group_bootstrap,648,22261376,,1 2 5 8 15 36,0.3333333333333333
draw_group_bootstrap,649,22261377,,8 13 28 39 45 48,0.0
draw_group_bootstrap,650,22261378,,1 5 13 27 36 42,0.3333333333333333
draw_group_bootstrap,651,22261379,,1 11 22 25 28 44,0.2
draw_group_bootstrap,652,22261380,,6 12 15 35 44 47,0.2
draw_group_bootstrap,653,22261381,,10 15 22 27 36 37,0.3333333333333333
draw_group_bootstrap,654,22261382,,5 12 13 22 23 40,0.2
draw_group_bootstrap,655,22261383,,1 15 20 24 40 42,0.2
draw_group_bootstrap,656,22261384,,10 15 16 22 24 37,0.2
draw_group_bootstrap,657,22261385,,5 15 17 24 27 47,0.5
draw_group_bootstrap,658,22261386,,4 16 17 25 42 47,0.09090909090909091
draw_group_bootstrap,659,22261387,,2 22 23 27 36 40,0.2
draw_group_bootstrap,660,22261388,,5 7 22 27 37 47,0.5
draw_group_bootstrap,661,22261389,,1 5 16 22 38 47,0.5
draw_group_bootstrap,662,22261390,,18 28 31 47 48 49,0.09090909090909091
draw_group_bootstrap,663,22261391,,5 22 23 37 40 47,0.3333333333333333
draw_group_bootstrap,664,22261392,,1 5 7 11 27 31,0.3333333333333333
draw_group_bootstrap,665,22261393,,6 16 27 36 42 47,0.2
draw_group_bootstrap,666,22261394,,5 7 23 27 43 47,0.3333333333333333
draw_group_bootstrap,667,22261395,,2 5 15 23 36 38,0.2
draw_group_bootstrap,668,22261396,,8 21 22 28 43 49,0.09090909090909091
draw_group_bootstrap,669,22261397,,9 10 22 23 36 45,0.09090909090909091
draw_group_bootstrap,670,22261398,,1 24 32 39 42 43,0.09090909090909091
draw_group_bootstrap,671,22261399,,2 13 23 27 28 40,0.09090909090909091
draw_group_bootstrap,672,22261400,,9 14 26 31 36 48,0.0
draw_group_bootstrap,673,22261401,,5 10 21 22 36 48,0.2
draw_group_bootstrap,674,22261402,,1 4 5 20 27 36,0.3333333333333333
draw_group_bootstrap,675,22261403,,4 5 16 22 45 47,0.3333333333333333
draw_group_bootstrap,676,22261404,,1 5 14 16 40 45,0.2
draw_group_bootstrap,677,22261405,,1 12 22 24 34 47,0.3333333333333333
draw_group_bootstrap,678,22261406,,1 3 5 27 28 47,0.5
draw_group_bootstrap,679,22261407,,12 16 22 25 38 45,0.09090909090909091
draw_group_bootstrap,680,22261408,,4 5 12 16 25 29,0.09090909090909091
draw_group_bootstrap,681,22261409,,15 22 27 28 47 48,0.5
draw_group_bootstrap,682,22261410,,1 16 23 27 45 48,0.2
draw_group_bootstrap,683,22261411,,1 3 18 27 31 47,0.3333333333333333
draw_group_bootstrap,684,22261412,,1 16 28 35 40 48,0.09090909090909091
draw_group_bootstrap,685,22261413,,4 5 16 27 28 45,0.2
draw_group_bootstrap,686,22261414,,1 2 16 20 45 48,0.09090909090909091
draw_group_bootstrap,687,22261415,,1 5 15 17 27 38,0.5
draw_group_bootstrap,688,22261416,,1 5 23 24 39 40,0.2
draw_group_bootstrap,689,22261417,,3 15 38 42 44 47,0.2
draw_group_bootstrap,690,22261418,,20 24 28 38 39 40,0.0
draw_group_bootstrap,691,22261419,,8 15 23 36 40 45,0.09090909090909091
draw_group_bootstrap,692,22261420,,1 12 15 22 42 46,0.3333333333333333
draw_group_bootstrap,693,22261421,,1 5 22 27 45 49,0.5
draw_group_bootstrap,694,22261422,,1 11 15 24 36 40,0.2
draw_group_bootstrap,695,22261423,,1 5 15 22 38 47,0.7142857142857143
draw_group_bootstrap,696,22261424,,15 23 25 36 43 48,0.09090909090909091
draw_group_bootstrap,697,22261425,,22 23 31 37 44 48,0.09090909090909091
draw_group_bootstrap,698,22261426,,15 16 22 31 42 45,0.2
draw_group_bootstrap,699,22261427,,9 10 23 28 36 40,0.0
draw_group_bootstrap,700,22261428,,5 15 16 22 45 47,0.5
draw_group_bootstrap,701,22261429,,5 15 17 23 31 42,0.2
draw_group_bootstrap,702,22261430,,5 8 15 21 23 41,0.2
draw_group_bootstrap,703,22261431,,3 15 17 22 26 28,0.2
draw_group_bootstrap,704,22261432,,4 11 15 20 36 43,0.09090909090909091
draw_group_bootstrap,705,22261433,,1 15 22 27 38 48,0.5
draw_group_bootstrap,706,22261434,,1 22 28 38 44 48,0.2
draw_group_bootstrap,707,22261435,,1 23 28 42 43 49,0.09090909090909091
draw_group_bootstrap,708,22261436,,4 10 23 24 45 47,0.09090909090909091
draw_group_bootstrap,709,22261437,,5 8 11 16 45 49,0.09090909090909091
draw_group_bootstrap,710,22261438,,2 5 15 22 31 45,0.3333333333333333
draw_group_bootstrap,711,22261439,,4 10 18 28 36 48,0.0
draw_group_bootstrap,712,22261440,,1 4 5 43 47 48,0.3333333333333333
draw_group_bootstrap,713,22261441,,1 5 16 23 25 27,0.3333333333333333
draw_group_bootstrap,714,22261442,,9 12 25 28 29 39,0.0
draw_group_bootstrap,715,22261443,,2 5 15 23 27 47,0.5
draw_group_bootstrap,716,22261444,,5 13 15 22 27 44,0.5
draw_group_bootstrap,717,22261445,,13 23 27 28 32 45,0.09090909090909091
draw_group_bootstrap,718,22261446,,1 9 10 27 34 40,0.2
draw_group_bootstrap,719,22261447,,1 2 15 22 36 40,0.3333333333333333
draw_group_bootstrap,720,22261448,,1 2 13 35 38 45,0.09090909090909091
draw_group_bootstrap,721,22261449,,1 3 43 44 46 47,0.2
draw_group_bootstrap,722,22261450,,5 15 22 31 38 47,0.5
draw_group_bootstrap,723,22261451,,5 15 22 36 38 40,0.3333333333333333
draw_group_bootstrap,724,22261452,,1 5 7 15 25 29,0.3333333333333333
draw_group_bootstrap,725,22261453,,2 15 31 40 45 47,0.2
draw_group_bootstrap,726,22261454,,1 22 23 24 31 49,0.2
draw_group_bootstrap,727,22261455,,4 5 24 28 44 45,0.09090909090909091
draw_group_bootstrap,728,22261456,,4 16 22 28 36 45,0.09090909090909091
draw_group_bootstrap,729,22261457,,5 15 17 22 38 45,0.3333333333333333
draw_group_bootstrap,730,22261458,,9 15 18 22 24 42,0.2
draw_group_bootstrap,731,22261459,,15 16 22 24 28 47,0.3333333333333333
draw_group_bootstrap,732,22261460,,12 18 23 24 47 48,0.09090909090909091
draw_group_bootstrap,733,22261461,,1 5 8 22 38 40,0.3333333333333333
draw_group_bootstrap,734,22261462,,4 16 38 44 45 47,0.09090909090909091
draw_group_bootstrap,735,22261463,,5 15 38 40 44 47,0.3333333333333333
draw_group_bootstrap,736,22261464,,1 16 27 38 45 47,0.3333333333333333
draw_group_bootstrap,737,22261465,,1 2 18 38 39 44,0.09090909090909091
draw_group_bootstrap,738,22261466,,23 38 43 44 45 46,0.0
draw_group_bootstrap,739,22261467,,4 5 10 20 47 48,0.2
draw_group_bootstrap,740,22261468,,1 2 27 42 44 48,0.2
draw_group_bootstrap,741,22261469,,7 15 24 36 40 42,0.09090909090909091
draw_group_bootstrap,742,22261470,,2 5 22 23 25 26,0.2
draw_group_bootstrap,743,22261471,,2 8 15 16 45 47,0.2
draw_group_bootstrap,744,22261472,,6 22 24 37 41 47,0.2
draw_group_bootstrap,745,22261473,,22 27 28 45 47 48,0.3333333333333333
draw_group_bootstrap,746,22261474,,1 5 15 20 28 47,0.5
draw_group_bootstrap,747,22261475,,1 25 37 43 47 48,0.2
draw_group_bootstrap,748,22261476,,4 5 12 16 28 47,0.2
draw_group_bootstrap,749,22261477,,2 18 23 39 42 49,0.0
draw_group_bootstrap,750,22261478,,5 10 22 24 25 36,0.2
draw_group_bootstrap,751,22261479,,11 18 23 40 41 47,0.09090909090909091
draw_group_bootstrap,752,22261480,,12 13 18 23 43 49,0.0
draw_group_bootstrap,753,22261481,,4 12 13 28 39 43,0.0
draw_group_bootstrap,754,22261482,,5 10 15 38 44 48,0.2
draw_group_bootstrap,755,22261483,,1 4 5 22 36 48,0.3333333333333333
draw_group_bootstrap,756,22261484,,7 11 38 40 45 47,0.09090909090909091
draw_group_bootstrap,757,22261485,,12 15 29 38 40 49,0.09090909090909091
draw_group_bootstrap,758,22261486,,1 4 5 21 35 36,0.2
draw_group_bootstrap,759,22261487,,2 4 11 29 45 49,0.0
draw_group_bootstrap,760,22261488,,5 15 17 27 36 40,0.3333333333333333
draw_group_bootstrap,761,22261489,,5 12 15 23 29 45,0.2
draw_group_bootstrap,762,22261490,,1 5 15 22 27 28,0.7142857142857143
draw_group_bootstrap,763,22261491,,1 5 15 27 38 44,0.5
draw_group_bootstrap,764,22261492,,3 6 12 15 25 47,0.2
draw_group_bootstrap,765,22261493,,10 14 17 27 38 47,0.2
draw_group_bootstrap,766,22261494,,2 4 11 22 23 28,0.09090909090909091
draw_group_bootstrap,767,22261495,,2 19 22 37 38 47,0.2
draw_group_bootstrap,768,22261496,,5 9 12 24 25 44,0.09090909090909091
draw_group_bootstrap,769,22261497,,1 12 22 23 25 40,0.2
draw_group_bootstrap,770,22261498,,9 10 18 25 36 38,0.0
draw_group_bootstrap,771,22261499,,7 12 15 25 39 47,0.2
draw_group_bootstrap,772,22261500,,5 10 15 17 24 48,0.2
draw_group_bootstrap,773,22261501,,3 11 15 27 40 47,0.3333333333333333
draw_group_bootstrap,774,22261502,,5 24 27 43 46 49,0.2
draw_group_bootstrap,775,22261503,,4 5 10 29 45 47,0.2
draw_group_bootstrap,776,22261504,,1 15 22 29 44 45,0.3333333333333333
draw_group_bootstrap,777,22261505,,4 15 21 31 35 43,0.09090909090909091
draw_group_bootstrap,778,22261506,,1 5 9 12 24 36,0.2
draw_group_bootstrap,779,22261507,,2 5 31 35 38 43,0.09090909090909091
draw_group_bootstrap,780,22261508,,15 22 23 25 28 40,0.2
draw_group_bootstrap,781,22261509,,1 15 24 39 40 47,0.3333333333333333
draw_group_bootstrap,782,22261510,,13 16 22 27 38 43,0.2
draw_group_bootstrap,783,22261511,,2 10 16 28 39 43,0.0
draw_group_bootstrap,784,22261512,,2 5 16 17 29 47,0.2
draw_group_bootstrap,785,22261513,,4 5 7 10 16 22,0.2
draw_group_bootstrap,786,22261514,,2 23 28 35 43 47,0.09090909090909091
draw_group_bootstrap,787,22261515,,1 16 22 31 35 47,0.3333333333333333
draw_group_bootstrap,788,22261516,,2 22 23 24 25 36,0.09090909090909091
draw_group_bootstrap,789,22261517,,9 11 12 17 23 38,0.0
draw_group_bootstrap,790,22261518,,1 5 10 28 36 47,0.3333333333333333
draw_group_bootstrap,791,22261519,,6 28 38 42 43 47,0.09090909090909091
draw_group_bootstrap,792,22261520,,7 13 16 22 25 43,0.09090909090909091
draw_group_bootstrap,793,22261521,,1 4 24 28 38 47,0.2
draw_group_bootstrap,794,22261522,,4 5 8 16 31 45,0.09090909090909091
draw_group_bootstrap,795,22261523,,1 5 16 23 38 47,0.3333333333333333
draw_group_bootstrap,796,22261524,,4 16 18 24 25 28,0.0
draw_group_bootstrap,797,22261525,,4 10 16 23 41 45,0.0
draw_group_bootstrap,798,22261526,,4 10 16 27 45 47,0.2
draw_group_bootstrap,799,22261527,,1 2 3 5 15 44,0.3333333333333333
draw_group_bootstrap,800,22261528,,1 5 10 15 17 27,0.5
draw_group_bootstrap,801,22261529,,2 5 15 22 45 49,0.3333333333333333
draw_group_bootstrap,802,22261530,,5 12 22 27 40 47,0.5
draw_group_bootstrap,803,22261531,,1 4 11 15 23 24,0.2
draw_group_bootstrap,804,22261532,,5 7 11 15 24 47,0.3333333333333333
draw_group_bootstrap,805,22261533,,5 7 12 15 22 23,0.3333333333333333
draw_group_bootstrap,806,22261534,,5 6 27 31 42 43,0.2
draw_group_bootstrap,807,22261535,,1 4 19 24 32 45,0.09090909090909091
draw_group_bootstrap,808,22261536,,6 27 28 43 44 47,0.2
draw_group_bootstrap,809,22261537,,5 15 25 29 36 43,0.2
draw_group_bootstrap,810,22261538,,5 37 38 40 43 48,0.09090909090909091
draw_group_bootstrap,811,22261539,,1 22 27 28 38 40,0.3333333333333333
draw_group_bootstrap,812,22261540,,4 12 15 24 45 48,0.09090909090909091
draw_group_bootstrap,813,22261541,,4 10 11 22 41 45,0.09090909090909091
draw_group_bootstrap,814,22261542,,5 13 27 40 43 47,0.3333333333333333
draw_group_bootstrap,815,22261543,,1 4 12 22 23 45,0.2
draw_group_bootstrap,816,22261544,,3 15 38 43 45 47,0.2
draw_group_bootstrap,817,22261545,,4 10 11 18 24 45,0.0
draw_group_bootstrap,818,22261546,,5 15 28 38 47 48,0.3333333333333333
draw_group_bootstrap,819,22261547,,1 4 5 27 36 46,0.3333333333333333
draw_group_bootstrap,820,22261548,,5 15 35 37 43 48,0.2
draw_group_bootstrap,821,22261549,,10 23 24 25 36 42,0.0
draw_group_bootstrap,822,22261550,,2 11 15 22 23 40,0.2
draw_group_bootstrap,823,22261551,,1 13 15 24 27 45,0.3333333333333333
draw_group_bootstrap,824,22261552,,1 4 5 9 16 27,0.3333333333333333
draw_group_bootstrap,825,22261553,,15 20 24 27 41 42,0.2
draw_group_bootstrap,826,22261554,,11 12 27 28 29 47,0.2
draw_group_bootstrap,827,22261555,,3 10 16 24 36 43,0.0
draw_group_bootstrap,828,22261556,,1 3 28 31 40 43,0.09090909090909091
draw_group_bootstrap,829,22261557,,1 12 17 23 40 44,0.09090909090909091
draw_group_bootstrap,830,22261558,,16 27 31 35 40 47,0.2
draw_group_bootstrap,831,22261559,,5 15 16 22 28 45,0.3333333333333333
draw_group_bootstrap,832,22261560,,4 6 17 20 44 48,0.0
draw_group_bootstrap,833,22261561,,5 8 15 27 43 44,0.3333333333333333
draw_group_bootstrap,834,22261562,,1 4 12 24 40 49,0.09090909090909091
draw_group_bootstrap,835,22261563,,5 15 22 23 27 38,0.5
draw_group_bootstrap,836,22261564,,5 9 10 20 43 47,0.2
draw_group_bootstrap,837,22261565,,1 7 23 29 43 44,0.09090909090909091
draw_group_bootstrap,838,22261566,,15 21 28 36 38 42,0.09090909090909091
draw_group_bootstrap,839,22261567,,4 27 36 40 42 47,0.2
draw_group_bootstrap,840,22261568,,1 5 7 15 22 38,0.5
draw_group_bootstrap,841,22261569,,12 24 28 36 43 47,0.09090909090909091
draw_group_bootstrap,842,22261570,,5 15 23 24 27 42,0.3333333333333333
draw_group_bootstrap,843,22261571,,1 6 9 17 22 47,0.3333333333333333
draw_group_bootstrap,844,22261572,,5 6 12 22 45 47,0.3333333333333333
draw_group_bootstrap,845,22261573,,8 16 22 24 31 45,0.09090909090909091
draw_group_bootstrap,846,22261574,,5 22 38 42 47 48,0.3333333333333333
draw_group_bootstrap,847,22261575,,1 2 15 24 25 29,0.2
draw_group_bootstrap,848,22261576,,16 17 22 27 42 47,0.3333333333333333
draw_group_bootstrap,849,22261577,,7 9 12 24 27 47,0.2
draw_group_bootstrap,850,22261578,,1 5 27 45 47 48,0.5
draw_group_bootstrap,851,22261579,,5 8 15 24 28 47,0.3333333333333333
draw_group_bootstrap,852,22261580,,1 8 13 15 23 28,0.2
draw_group_bootstrap,853,22261581,,1 5 31 32 43 44,0.2
draw_group_bootstrap,854,22261582,,16 28 41 43 44 49,0.0
draw_group_bootstrap,855,22261583,,1 18 28 39 42 47,0.2
draw_group_bootstrap,856,22261584,,5 15 16 22 36 40,0.3333333333333333
draw_group_bootstrap,857,22261585,,1 11 18 27 32 48,0.2
draw_group_bootstrap,858,22261586,,10 15 18 22 27 45,0.3333333333333333
draw_group_bootstrap,859,22261587,,5 12 15 17 25 37,0.2
draw_group_bootstrap,860,22261588,,4 15 29 36 38 47,0.2
draw_group_bootstrap,861,22261589,,1 8 10 31 37 46,0.09090909090909091
draw_group_bootstrap,862,22261590,,8 11 12 15 29 31,0.09090909090909091
draw_group_bootstrap,863,22261591,,8 12 15 20 45 47,0.2
draw_group_bootstrap,864,22261592,,1 12 15 22 39 41,0.3333333333333333
draw_group_bootstrap,865,22261593,,4 10 12 23 31 45,0.0
draw_group_bootstrap,866,22261594,,2 3 16 22 24 28,0.09090909090909091
draw_group_bootstrap,867,22261595,,22 27 28 40 44 49,0.2
draw_group_bootstrap,868,22261596,,3 11 13 22 23 28,0.09090909090909091
draw_group_bootstrap,869,22261597,,13 15 21 22 24 39,0.2
draw_group_bootstrap,870,22261598,,1 2 18 21 31 36,0.09090909090909091
draw_group_bootstrap,871,22261599,,4 5 15 36 40 45,0.2
draw_group_bootstrap,872,22261600,,6 7 22 25 27 28,0.2
draw_group_bootstrap,873,22261601,,22 23 24 25 45 47,0.2
draw_group_bootstrap,874,22261602,,2 3 15 22 43 45,0.2
draw_group_bootstrap,875,22261603,,9 16 31 39 44 45,0.0
draw_group_bootstrap,876,22261604,,5 7 16 22 23 47,0.3333333333333333
draw_group_bootstrap,877,22261605,,5 10 23 34 44 47,0.2
draw_group_bootstrap,878,22261606,,14 15 26 27 28 45,0.2
draw_group_bootstrap,879,22261607,,1 6 7 29 36 47,0.2
draw_group_bootstrap,880,22261608,,2 12 24 34 37 47,0.09090909090909091
draw_group_bootstrap,881,22261609,,15 16 24 27 44 45,0.2
draw_group_bootstrap,882,22261610,,1 16 22 28 36 47,0.3333333333333333
draw_group_bootstrap,883,22261611,,5 23 24 28 38 45,0.09090909090909091
draw_group_bootstrap,884,22261612,,5 8 23 27 44 45,0.2
draw_group_bootstrap,885,22261613,,10 12 15 23 29 32,0.09090909090909091
draw_group_bootstrap,886,22261614,,4 16 27 31 44 45,0.09090909090909091
draw_group_bootstrap,887,22261615,,1 5 15 16 28 29,0.3333333333333333
draw_group_bootstrap,888,22261616,,6 22 28 36 38 48,0.09090909090909091
draw_group_bootstrap,889,22261617,,1 5 8 11 22 25,0.3333333333333333
draw_group_bootstrap,890,22261618,,2 22 43 44 47 49,0.2
draw_group_bootstrap,891,22261619,,8 15 24 31 40 45,0.09090909090909091
draw_group_bootstrap,892,22261620,,5 7 15 17 39 43,0.2
draw_group_bootstrap,893,22261621,,1 7 15 38 40 47,0.3333333333333333
draw_group_bootstrap,894,22261622,,9 23 28 35 38 44,0.0
draw_group_bootstrap,895,22261623,,4 5 9 12 38 47,0.2
draw_group_bootstrap,896,22261624,,1 9 10 22 23 35,0.2
draw_group_bootstrap,897,22261625,,1 15 22 42 43 47,0.5
draw_group_bootstrap,898,22261626,,5 15 28 43 45 48,0.2
draw_group_bootstrap,899,22261627,,1 5 15 23 47 49,0.5
draw_group_bootstrap,900,22261628,,5 22 28 41 45 47,0.3333333333333333
draw_group_bootstrap,901,22261629,,1 15 22 24 36 38,0.3333333333333333
draw_group_bootstrap,902,22261630,,5 16 25 27 28 36,0.2
draw_group_bootstrap,903,22261631,,15 22 27 31 45 47,0.5
draw_group_bootstrap,904,22261632,,1 15 22 36 39 44,0.3333333333333333
draw_group_bootstrap,905,22261633,,5 6 23 31 38 48,0.09090909090909091
draw_group_bootstrap,906,22261634,,1 15 28 40 43 45,0.2
draw_group_bootstrap,907,22261635,,5 16 18 22 40 47,0.3333333333333333
draw_group_bootstrap,908,22261636,,5 9 23 24 43 45,0.09090909090909091
draw_group_bootstrap,909,22261637,,1 4 20 23 24 44,0.09090909090909091
draw_group_bootstrap,910,22261638,,2 23 27 28 43 46,0.09090909090909091
draw_group_bootstrap,911,22261639,,1 5 15 24 31 44,0.3333333333333333
draw_group_bootstrap,912,22261640,,10 22 28 37 43 47,0.2
draw_group_bootstrap,913,22261641,,5 16 27 29 43 47,0.3333333333333333
draw_group_bootstrap,914,22261642,,3 22 27 28 44 45,0.2
draw_group_bootstrap,915,22261643,,5 10 15 28 29 36,0.2
draw_group_bootstrap,916,22261644,,9 10 22 27 31 44,0.2
draw_group_bootstrap,917,22261645,,9 10 12 24 28 44,0.0
draw_group_bootstrap,918,22261646,,5 16 36 40 44 45,0.09090909090909091
draw_group_bootstrap,919,22261647,,1 20 27 28 35 47,0.3333333333333333
draw_group_bootstrap,920,22261648,,5 17 23 24 28 37,0.09090909090909091
draw_group_bootstrap,921,22261649,,2 4 9 11 15 36,0.09090909090909091
draw_group_bootstrap,922,22261650,,1 16 23 27 44 45,0.2
draw_group_bootstrap,923,22261651,,3 16 20 25 45 47,0.09090909090909091
draw_group_bootstrap,924,22261652,,1 13 19 23 33 44,0.09090909090909091
draw_group_bootstrap,925,22261653,,7 10 16 23 24 48,0.0
draw_group_bootstrap,926,22261654,,1 4 16 24 45 49,0.09090909090909091
draw_group_bootstrap,927,22261655,,7 22 27 28 38 39,0.2
draw_group_bootstrap,928,22261656,,4 6 24 40 42 48,0.0
draw_group_bootstrap,929,22261657,,1 8 31 34 47 49,0.2
draw_group_bootstrap,930,22261658,,5 6 15 22 38 39,0.3333333333333333
draw_group_bootstrap,931,22261659,,5 7 24 27 44 47,0.3333333333333333
draw_group_bootstrap,932,22261660,,4 5 24 27 40 47,0.3333333333333333
draw_group_bootstrap,933,22261661,,5 15 22 27 47 48,0.7142857142857143
draw_group_bootstrap,934,22261662,,1 2 22 27 38 40,0.3333333333333333
draw_group_bootstrap,935,22261663,,5 14 15 22 27 36,0.5
draw_group_bootstrap,936,22261664,,1 5 11 43 47 49,0.3333333333333333
draw_group_bootstrap,937,22261665,,1 11 15 22 40 48,0.3333333333333333
draw_group_bootstrap,938,22261666,,2 15 37 44 45 48,0.09090909090909091
draw_group_bootstrap,939,22261667,,1 3 5 15 28 36,0.3333333333333333
draw_group_bootstrap,940,22261668,,5 13 15 31 38 45,0.2
draw_group_bootstrap,941,22261669,,5 12 22 27 36 44,0.3333333333333333
draw_group_bootstrap,942,22261670,,1 22 42 43 47 48,0.3333333333333333
draw_group_bootstrap,943,22261671,,1 16 27 38 44 45,0.2
draw_group_bootstrap,944,22261672,,1 3 22 23 31 47,0.3333333333333333
draw_group_bootstrap,945,22261673,,1 7 25 28 32 43,0.09090909090909091
draw_group_bootstrap,946,22261674,,4 5 7 15 23 43,0.2
draw_group_bootstrap,947,22261675,,5 9 27 44 47 49,0.3333333333333333
draw_group_bootstrap,948,22261676,,4 7 22 36 43 45,0.09090909090909091
draw_group_bootstrap,949,22261677,,6 15 23 28 38 47,0.2
draw_group_bootstrap,950,22261678,,1 4 10 16 43 45,0.09090909090909091
draw_group_bootstrap,951,22261679,,1 6 16 24 39 42,0.09090909090909091
draw_group_bootstrap,952,22261680,,5 15 39 40 43 44,0.2
draw_group_bootstrap,953,22261681,,1 5 8 11 23 24,0.2
draw_group_bootstrap,954,22261682,,1 15 19 22 35 40,0.3333333333333333
draw_group_bootstrap,955,22261683,,9 15 23 31 35 36,0.09090909090909091
draw_group_bootstrap,956,22261684,,1 2 5 11 15 23,0.3333333333333333
draw_group_bootstrap,957,22261685,,13 16 24 31 44 45,0.0
draw_group_bootstrap,958,22261686,,1 16 24 31 37 44,0.09090909090909091
draw_group_bootstrap,959,22261687,,5 10 22 38 44 47,0.3333333333333333
draw_group_bootstrap,960,22261688,,10 14 15 22 24 36,0.2
draw_group_bootstrap,961,22261689,,1 15 20 24 27 45,0.3333333333333333
draw_group_bootstrap,962,22261690,,13 27 44 45 46 47,0.2
draw_group_bootstrap,963,22261691,,2 5 16 22 28 45,0.2
draw_group_bootstrap,964,22261692,,4 11 12 16 20 31,0.0
draw_group_bootstrap,965,22261693,,1 5 23 32 39 40,0.2
draw_group_bootstrap,966,22261694,,1 8 15 27 36 39,0.3333333333333333
draw_group_bootstrap,967,22261695,,5 11 12 17 22 40,0.2
draw_group_bootstrap,968,22261696,,1 24 27 28 40 45,0.2
draw_group_bootstrap,969,22261697,,15 17 24 28 36 43,0.09090909090909091
draw_group_bootstrap,970,22261698,,10 16 24 31 34 49,0.0
draw_group_bootstrap,971,22261699,,2 13 19 22 28 44,0.09090909090909091
draw_group_bootstrap,972,22261700,,1 10 11 12 15 38,0.2
draw_group_bootstrap,973,22261701,,1 5 12 15 17 49,0.3333333333333333
draw_group_bootstrap,974,22261702,,4 12 16 28 36 49,0.0
draw_group_bootstrap,975,22261703,,1 23 40 43 45 47,0.2
draw_group_bootstrap,976,22261704,,1 11 22 23 31 40,0.2
draw_group_bootstrap,977,22261705,,22 25 27 43 47 48,0.3333333333333333
draw_group_bootstrap,978,22261706,,2 15 24 42 45 47,0.2
draw_group_bootstrap,979,22261707,,5 10 15 27 43 47,0.5
draw_group_bootstrap,980,22261708,,1 8 15 35 44 48,0.2
draw_group_bootstrap,981,22261709,,5 17 22 27 42 47,0.5
draw_group_bootstrap,982,22261710,,15 23 28 43 46 47,0.2
draw_group_bootstrap,983,22261711,,1 4 5 15 40 45,0.3333333333333333
draw_group_bootstrap,984,22261712,,1 2 34 38 46 47,0.2
draw_group_bootstrap,985,22261713,,2 8 23 28 47 48,0.09090909090909091
draw_group_bootstrap,986,22261714,,5 12 15 38 47 48,0.3333333333333333
draw_group_bootstrap,987,22261715,,12 24 28 38 39 48,0.0
draw_group_bootstrap,988,22261716,,8 10 27 36 40 47,0.2
draw_group_bootstrap,989,22261717,,1 5 15 17 24 47,0.5
draw_group_bootstrap,990,22261718,,4 12 24 28 29 48,0.0
draw_group_bootstrap,991,22261719,,13 15 16 18 35 42,0.09090909090909091
draw_group_bootstrap,992,22261720,,12 22 24 27 44 47,0.3333333333333333
draw_group_bootstrap,993,22261721,,1 4 7 12 16 45,0.09090909090909091
draw_group_bootstrap,994,22261722,,4 9 16 36 43 45,0.0
draw_group_bootstrap,995,22261723,,1 5 13 23 26 49,0.2
draw_group_bootstrap,996,22261724,,5 23 38 40 44 45,0.09090909090909091
draw_group_bootstrap,997,22261725,,5 7 22 28 36 47,0.3333333333333333
draw_group_bootstrap,998,22261726,,13 24 27 36 40 45,0.09090909090909091
draw_group_bootstrap,999,22261727,,7 23 27 39 46 47,0.2
draw_group_bootstrap,1000,22261728,,1 5 11 22 40 42,0.3333333333333333
delete_last,1,20260728,1,5 15 22 23 45 47,0.5
delete_last,2,20260728,2,1 5 15 22 23 24,0.5
delete_last,3,20260728,3,1 5 15 22 23 28,0.5
delete_last,4,20260728,4,1 5 15 22 28 36,0.5
delete_last,5,20260728,5,1 5 22 24 28 36,0.3333333333333333
delete_last,6,20260728,6,1 15 22 23 24 28,0.3333333333333333
delete_last,7,20260728,7,1 15 24 28 39 44,0.2
delete_last,8,20260728,8,1 24 27 28 39 44,0.2
delete_last,9,20260728,9,1 9 15 24 28 39,0.2
delete_last,10,20260728,10,1 24 27 28 31 39,0.2
delete_last,11,20260728,11,1 3 24 27 28 39,0.2
delete_last,12,20260728,12,1 9 24 27 28 39,0.2
delete_last,13,20260728,13,1 9 24 27 28 39,0.2
delete_last,14,20260728,14,1 24 27 28 36 39,0.2
delete_last,15,20260728,15,1 3 24 28 36 39,0.09090909090909091
delete_last,16,20260728,16,1 3 24 28 36 39,0.09090909090909091
delete_last,17,20260728,17,1 3 22 24 28 39,0.2
delete_last,18,20260728,18,1 3 22 24 28 39,0.2
delete_last,19,20260728,19,1 3 24 28 32 39,0.09090909090909091
delete_last,20,20260728,20,1 3 20 28 32 39,0.09090909090909091
delete_last,21,20260729,1,5 15 22 23 45 47,0.5
delete_last,22,20260729,2,1 5 15 22 23 24,0.5
delete_last,23,20260729,3,1 5 15 22 23 28,0.5
delete_last,24,20260729,4,1 5 15 22 28 36,0.5
delete_last,25,20260729,5,1 5 22 24 28 36,0.3333333333333333
delete_last,26,20260729,6,1 15 22 23 24 28,0.3333333333333333
delete_last,27,20260729,7,1 15 24 28 39 44,0.2
delete_last,28,20260729,8,1 24 27 28 39 44,0.2
delete_last,29,20260729,9,1 9 15 24 28 39,0.2
delete_last,30,20260729,10,1 24 27 28 31 39,0.2
delete_last,31,20260729,11,1 3 24 27 28 39,0.2
delete_last,32,20260729,12,1 9 24 27 28 39,0.2
delete_last,33,20260729,13,1 9 24 27 28 39,0.2
delete_last,34,20260729,14,1 24 27 28 36 39,0.2
delete_last,35,20260729,15,1 3 24 28 36 39,0.09090909090909091
delete_last,36,20260729,16,1 3 24 28 36 39,0.09090909090909091
delete_last,37,20260729,17,1 3 22 24 28 39,0.2
delete_last,38,20260729,18,1 3 22 24 28 39,0.2
delete_last,39,20260729,19,1 3 24 28 32 39,0.09090909090909091
delete_last,40,20260729,20,1 3 20 28 32 39,0.09090909090909091
delete_last,41,20260730,1,5 15 22 23 45 47,0.5
delete_last,42,20260730,2,1 5 15 22 23 24,0.5
delete_last,43,20260730,3,1 5 15 22 23 28,0.5
delete_last,44,20260730,4,1 5 15 22 28 36,0.5
delete_last,45,20260730,5,1 5 22 24 28 36,0.3333333333333333
delete_last,46,20260730,6,1 15 22 23 24 28,0.3333333333333333
delete_last,47,20260730,7,1 15 24 28 39 44,0.2
delete_last,48,20260730,8,1 24 27 28 39 44,0.2
delete_last,49,20260730,9,1 9 15 24 28 39,0.2
delete_last,50,20260730,10,1 24 27 28 31 39,0.2
delete_last,51,20260730,11,1 3 24 27 28 39,0.2
delete_last,52,20260730,12,1 9 24 27 28 39,0.2
delete_last,53,20260730,13,1 9 24 27 28 39,0.2
delete_last,54,20260730,14,1 24 27 28 36 39,0.2
delete_last,55,20260730,15,1 3 24 28 36 39,0.09090909090909091
delete_last,56,20260730,16,1 3 24 28 36 39,0.09090909090909091
delete_last,57,20260730,17,1 3 22 24 28 39,0.2
delete_last,58,20260730,18,1 3 22 24 28 39,0.2
delete_last,59,20260730,19,1 3 24 28 32 39,0.09090909090909091
delete_last,60,20260730,20,1 3 20 28 32 39,0.09090909090909091
delete_last,61,20260731,1,5 15 22 23 45 47,0.5
delete_last,62,20260731,2,1 5 15 22 23 24,0.5
delete_last,63,20260731,3,1 5 15 22 23 28,0.5
delete_last,64,20260731,4,1 5 15 22 28 36,0.5
delete_last,65,20260731,5,1 5 22 24 28 36,0.3333333333333333
delete_last,66,20260731,6,1 15 22 23 24 28,0.3333333333333333
delete_last,67,20260731,7,1 15 24 28 39 44,0.2
delete_last,68,20260731,8,1 24 27 28 39 44,0.2
delete_last,69,20260731,9,1 9 15 24 28 39,0.2
delete_last,70,20260731,10,1 24 27 28 31 39,0.2
delete_last,71,20260731,11,1 3 24 27 28 39,0.2
delete_last,72,20260731,12,1 9 24 27 28 39,0.2
delete_last,73,20260731,13,1 9 24 27 28 39,0.2
delete_last,74,20260731,14,1 24 27 28 36 39,0.2
delete_last,75,20260731,15,1 3 24 28 36 39,0.09090909090909091
delete_last,76,20260731,16,1 3 24 28 36 39,0.09090909090909091
delete_last,77,20260731,17,1 3 22 24 28 39,0.2
delete_last,78,20260731,18,1 3 22 24 28 39,0.2
delete_last,79,20260731,19,1 3 24 28 32 39,0.09090909090909091
delete_last,80,20260731,20,1 3 20 28 32 39,0.09090909090909091
delete_last,81,20260732,1,5 15 22 23 45 47,0.5
delete_last,82,20260732,2,1 5 15 22 23 24,0.5
delete_last,83,20260732,3,1 5 15 22 23 28,0.5
delete_last,84,20260732,4,1 5 15 22 28 36,0.5
delete_last,85,20260732,5,1 5 22 24 28 36,0.3333333333333333
delete_last,86,20260732,6,1 15 22 23 24 28,0.3333333333333333
delete_last,87,20260732,7,1 15 24 28 39 44,0.2
delete_last,88,20260732,8,1 24 27 28 39 44,0.2
delete_last,89,20260732,9,1 9 15 24 28 39,0.2
delete_last,90,20260732,10,1 24 27 28 31 39,0.2
delete_last,91,20260732,11,1 3 24 27 28 39,0.2
delete_last,92,20260732,12,1 9 24 27 28 39,0.2
delete_last,93,20260732,13,1 9 24 27 28 39,0.2
delete_last,94,20260732,14,1 24 27 28 36 39,0.2
delete_last,95,20260732,15,1 3 24 28 36 39,0.09090909090909091
delete_last,96,20260732,16,1 3 24 28 36 39,0.09090909090909091
delete_last,97,20260732,17,1 3 22 24 28 39,0.2
delete_last,98,20260732,18,1 3 22 24 28 39,0.2
delete_last,99,20260732,19,1 3 24 28 32 39,0.09090909090909091
delete_last,100,20260732,20,1 3 20 28 32 39,0.09090909090909091
C,1101,20260728,0.01,1 5 15 22 27 47,1.0
C,1102,20260728,0.03,1 15 22 28 44 47,0.5
C,1103,20260728,0.1,1 22 28 36 44 47,0.3333333333333333
C,1104,20260728,0.2,1 22 28 36 43 44,0.2
C,1105,20260728,0.5,1 22 28 36 43 44,0.2
C,1106,20260728,1.0,1 22 28 36 43 44,0.2
C,1107,20260728,3.0,1 22 28 36 43 44,0.2
C,1108,20260728,10.0,1 22 28 36 43 44,0.2
shrink,1109,20260728,0,1 5 15 22 27 47,1.0
shrink,1110,20260728,0.05,1 5 15 22 27 47,1.0
shrink,1111,20260728,0.1,1 5 15 22 27 47,1.0
shrink,1112,20260728,0.25,1 5 15 22 27 47,1.0
shrink,1113,20260728,0.5,1 5 15 22 27 47,1.0
shrink,1114,20260728,1.0,1 2 3 4 5 6,0.2
min_history,1115,20260728,30,1 5 15 22 27 47,1.0
min_history,1116,20260728,60,1 5 15 22 27 47,1.0
min_history,1117,20260728,150,5 15 23 27 36 45,0.3333333333333333
min_history,1118,20260728,300,5 15 22 27 36 47,0.7142857142857143
min_history,1119,20260728,500,5 11 17 44 45 46,0.09090909090909091
windows,1120,20260728,10-20-50,1 5 15 22 27 47,1.0
windows,1121,20260728,20-50-100,1 5 15 22 27 47,1.0
windows,1122,20260728,30-100-200,1 5 15 22 28 43,0.5
windows,1123,20260728,50-100-200,1 5 22 27 28 47,0.7142857142857143
