target_index,model,hits_top6,hits_top10,hits_top12,brier,log_loss
2128,ExactUniformBaseline,0,1,1,0.10745522698875465,0.37177617994345286
2129,ExactUniformBaseline,1,2,2,0.10745522698875466,0.37177617994345286
2130,ExactUniformBaseline,0,1,1,0.10745522698875465,0.3717761799434529
2131,ExactUniformBaseline,1,1,1,0.10745522698875466,0.3717761799434529
2132,ExactUniformBaseline,0,1,1,0.10745522698875466,0.37177617994345286
2133,ExactUniformBaseline,1,1,2,0.10745522698875466,0.37177617994345286
2134,ExactUniformBaseline,0,0,0,0.10745522698875466,0.3717761799434529
2135,ExactUniformBaseline,1,1,1,0.10745522698875466,0.3717761799434529
2136,ExactUniformBaseline,0,0,1,0.10745522698875466,0.37177617994345286
2137,ExactUniformBaseline,1,1,1,0.10745522698875466,0.3717761799434529
2138,ExactUniformBaseline,0,0,0,0.10745522698875466,0.3717761799434529
2139,ExactUniformBaseline,0,2,2,0.10745522698875466,0.37177617994345286
2140,ExactUniformBaseline,0,0,1,0.10745522698875466,0.37177617994345286
2141,ExactUniformBaseline,0,0,0,0.10745522698875466,0.37177617994345286
2142,ExactUniformBaseline,2,2,2,0.10745522698875466,0.37177617994345286
2143,ExactUniformBaseline,2,3,4,0.10745522698875466,0.37177617994345286
2144,ExactUniformBaseline,1,1,2,0.10745522698875466,0.3717761799434529
2145,ExactUniformBaseline,0,0,1,0.10745522698875466,0.3717761799434529
2146,ExactUniformBaseline,0,0,1,0.10745522698875466,0.3717761799434529
2147,ExactUniformBaseline,1,2,2,0.10745522698875465,0.37177617994345286
2128,FixedNumbersBaseline,0,1,1,0.22148271553519372,0.8463462266547723
2129,FixedNumbersBaseline,1,2,2,0.18474802165764267,0.7089649222382708
2130,FixedNumbersBaseline,0,1,1,0.22148271553519372,0.8463462266547723
2131,FixedNumbersBaseline,1,1,1,0.18474802165764267,0.7089649222382708
2132,FixedNumbersBaseline,0,1,1,0.22148271553519372,0.8463462266547723
2133,FixedNumbersBaseline,1,1,2,0.18474802165764267,0.7089649222382708
2134,FixedNumbersBaseline,0,0,0,0.22148271553519372,0.8463462266547725
2135,FixedNumbersBaseline,1,1,1,0.18474802165764267,0.7089649222382708
2136,FixedNumbersBaseline,0,0,1,0.22148271553519372,0.8463462266547722
2137,FixedNumbersBaseline,1,1,1,0.18474802165764267,0.7089649222382708
2138,FixedNumbersBaseline,0,0,0,0.22148271553519372,0.8463462266547723
2139,FixedNumbersBaseline,0,2,2,0.22148271553519372,0.8463462266547722
2140,FixedNumbersBaseline,0,0,1,0.22148271553519372,0.8463462266547725
2141,FixedNumbersBaseline,0,0,0,0.2214827155351937,0.8463462266547725
2142,FixedNumbersBaseline,2,2,2,0.14801332778009166,0.571583617821769
2143,FixedNumbersBaseline,2,3,4,0.14801332778009166,0.571583617821769
2144,FixedNumbersBaseline,1,1,2,0.18474802165764267,0.7089649222382708
2145,FixedNumbersBaseline,0,0,1,0.22148271553519372,0.8463462266547725
2146,FixedNumbersBaseline,0,0,1,0.22148271553519372,0.8463462266547723
2147,FixedNumbersBaseline,1,2,2,0.18474802165764267,0.7089649222382708
2128,HistoricalTop6Baseline,0,0,0,0.10787385733497001,0.3736653581791093
2129,HistoricalTop6Baseline,0,0,0,0.10841799854719192,0.37631320623684106
2130,HistoricalTop6Baseline,0,3,3,0.10668049080131353,0.3681307956618528
2131,HistoricalTop6Baseline,1,1,1,0.1082194014382889,0.3754428385696561
2132,HistoricalTop6Baseline,0,1,1,0.10747744615545947,0.3717787817850464
2133,HistoricalTop6Baseline,0,0,1,0.10800379796761374,0.37434391426036534
2134,HistoricalTop6Baseline,0,2,3,0.10695460548600082,0.36939561720541025
2135,HistoricalTop6Baseline,0,1,1,0.10799422291367419,0.3743301265091029
2136,HistoricalTop6Baseline,0,0,0,0.10756168104508851,0.3721580000983136
2137,HistoricalTop6Baseline,0,0,0,0.10791604011277293,0.3738181343571537
2138,HistoricalTop6Baseline,0,0,0,0.1075010555841502,0.3718638075605732
2139,HistoricalTop6Baseline,1,1,1,0.10746234560083662,0.3718646193907524
2140,HistoricalTop6Baseline,0,0,1,0.1078162983428177,0.37340594430296553
2141,HistoricalTop6Baseline,0,0,0,0.10755553890955998,0.37212714991102985
2142,HistoricalTop6Baseline,1,1,1,0.10796024333454504,0.3741841179549163
2143,HistoricalTop6Baseline,2,3,4,0.1069325172377979,0.3694273299779953
2144,HistoricalTop6Baseline,0,1,1,0.1079337375928659,0.3740394863632868
2145,HistoricalTop6Baseline,0,0,0,0.1077755410051455,0.37317073901973596
2146,HistoricalTop6Baseline,1,3,3,0.10705581235398898,0.3699573418134785
2147,HistoricalTop6Baseline,0,0,1,0.10795344490051845,0.3741026462442373
2128,Recent20HotBaseline,1,1,1,0.10869802165764267,0.3700862413275122
2129,Recent20HotBaseline,0,3,4,0.1069439400249896,0.38883357851053874
2130,Recent20HotBaseline,0,0,0,0.11253679716784676,0.3865462548484316
2131,Recent20HotBaseline,1,1,1,0.11103067471886714,0.3802092635914812
2132,Recent20HotBaseline,1,2,3,0.10568577675968345,0.361710910490199
2133,Recent20HotBaseline,0,1,1,0.11511740941274469,0.4017826604757697
2134,Recent20HotBaseline,1,1,1,0.11887353186172428,0.4501155896359308
2135,Recent20HotBaseline,1,2,2,0.10735720533111205,0.3651310346418291
2136,Recent20HotBaseline,0,1,1,0.1090286339025406,0.36721457757829795
2137,Recent20HotBaseline,0,1,1,0.11637557267805079,0.43380420643840417
2138,Recent20HotBaseline,0,1,1,0.11587965431070389,0.4573984015788982
2139,Recent20HotBaseline,1,2,2,0.11228883798417327,0.41849609675404714
2140,Recent20HotBaseline,0,1,1,0.11645822573927529,0.4338641678164614
2141,Recent20HotBaseline,1,2,2,0.10869802165764267,0.4002553251650439
2142,Recent20HotBaseline,2,3,3,0.1069439400249896,0.3937627536443639
2143,Recent20HotBaseline,0,0,1,0.12013169512703042,0.43369421733614
2144,Recent20HotBaseline,1,2,2,0.10285720533111203,0.34325321652777774
2145,Recent20HotBaseline,0,2,2,0.10878067471886715,0.3776923315898211
2146,Recent20HotBaseline,1,1,1,0.12037965431070388,0.4823343303761883
2147,Recent20HotBaseline,2,2,2,0.10568577675968348,0.39049772617752293
2128,Recent50HotBaseline,1,2,2,0.10494410329029573,0.36020289139257433
2129,Recent50HotBaseline,1,2,2,0.10721430737192837,0.3707461721511687
2130,Recent50HotBaseline,1,2,3,0.1035540624739692,0.3517759906942999
2131,Recent50HotBaseline,0,0,0,0.11176794002498958,0.387587656967815
2132,Recent50HotBaseline,2,2,2,0.10292516451478549,0.350842753678624
2133,Recent50HotBaseline,1,1,1,0.10827961349437736,0.37185542094270774
2134,Recent50HotBaseline,0,0,0,0.11633479716784674,0.4273717762924233
2135,Recent50HotBaseline,1,1,1,0.1074523481882549,0.36886570301061633
2136,Recent50HotBaseline,1,2,2,0.1060094094127447,0.36206818224783177
2137,Recent50HotBaseline,1,2,3,0.10603585839233653,0.37072316141918554
2138,Recent50HotBaseline,0,0,0,0.11211177675968347,0.38939473865975177
2139,Recent50HotBaseline,0,0,1,0.11061594002498959,0.3866405741116136
2140,Recent50HotBaseline,1,2,2,0.11276712369845897,0.4063436526717038
2141,Recent50HotBaseline,1,1,1,0.10690279716784674,0.3685677550354029
2142,Recent50HotBaseline,2,2,3,0.1069424706372345,0.37231818572647324
2143,Recent50HotBaseline,0,1,1,0.11343569512703039,0.4033449207726943
2144,Recent50HotBaseline,2,2,2,0.1015483481882549,0.3434405728730269
2145,Recent50HotBaseline,1,1,2,0.10687634818825488,0.368546047505829
2146,Recent50HotBaseline,1,1,1,0.10905398084131612,0.3759413451772123
2147,Recent50HotBaseline,1,2,2,0.10534083798417326,0.3581791358336104
2128,Recent100HotBaseline,2,2,2,0.10416679716784671,0.355947704956341
2129,Recent100HotBaseline,2,2,2,0.10419985839233653,0.3567199994180182
2130,Recent100HotBaseline,0,1,1,0.10866753186172429,0.37491388003663056
2131,Recent100HotBaseline,0,0,0,0.10976626655560183,0.37995946900297006
2132,Recent100HotBaseline,2,2,2,0.10421638900458141,0.35726491192596155
2133,Recent100HotBaseline,0,0,1,0.1068539400249896,0.36538799696219476
2134,Recent100HotBaseline,0,0,0,0.11458806247396919,0.4094608201513176
2135,Recent100HotBaseline,1,3,3,0.10536140941274469,0.3614235169788634
2136,Recent100HotBaseline,0,0,0,0.10940883798417327,0.37827182539061416
2137,Recent100HotBaseline,0,0,1,0.11084185839233653,0.38629712596501903
2138,Recent100HotBaseline,1,1,1,0.11228810329029572,0.396295932000997
2139,Recent100HotBaseline,1,2,2,0.10967369512703042,0.3836223141888219
2140,Recent100HotBaseline,1,1,2,0.10932949104539774,0.3873139280773077
2141,Recent100HotBaseline,2,3,3,0.10379945022907122,0.35725881087128925
2142,Recent100HotBaseline,1,2,2,0.1097100624739692,0.3886656818046073
2143,Recent100HotBaseline,0,1,1,0.11154349104539775,0.3891063224136974
2144,Recent100HotBaseline,0,1,1,0.10782373594335694,0.3709694656901318
2145,Recent100HotBaseline,3,3,3,0.10600683798417325,0.3698468083779791
2146,Recent100HotBaseline,0,2,2,0.10601014410662223,0.3624930504029983
2147,Recent100HotBaseline,0,1,1,0.10600353186172427,0.3625294911010186
2128,GapOnly,0,0,1,0.2214827155351937,0.8463462266547729
2129,GapOnly,1,1,2,0.18474802165764267,0.708964922238271
2130,GapOnly,0,0,1,0.2214827155351937,0.8463462266547728
2131,GapOnly,1,2,2,0.18474802165764265,0.708964922238271
2132,GapOnly,0,0,0,0.2214827155351937,0.8463462266547729
2133,GapOnly,0,0,1,0.2214827155351937,0.8463462266547729
2134,GapOnly,1,1,1,0.18474802165764267,0.7089649222382712
2135,GapOnly,0,1,1,0.2214827155351937,0.8463462266547728
2136,GapOnly,0,0,0,0.2214827155351937,0.8463462266547728
2137,GapOnly,1,1,1,0.18474802165764265,0.7089649222382712
2138,GapOnly,2,2,2,0.13974802165764263,0.5469954195860013
2139,GapOnly,1,1,1,0.18474802165764267,0.708964922238271
2140,GapOnly,1,1,1,0.18474802165764267,0.7089649222382712
2141,GapOnly,1,1,1,0.18474802165764267,0.7089649222382712
2142,GapOnly,1,3,3,0.18474802165764267,0.7089649222382712
2143,GapOnly,2,3,3,0.15811536859641817,0.5978661726875999
2144,GapOnly,0,1,1,0.2214827155351937,0.8463462266547728
2145,GapOnly,0,0,0,0.22148271553519372,0.8463462266547728
2146,GapOnly,2,2,2,0.14801332778009166,0.5715836178217694
2147,GapOnly,2,3,3,0.14801332778009166,0.5715836178217695
2128,PreviousDrawOnly,0,0,1,0.2214827155351937,0.8463462266547727
2129,PreviousDrawOnly,1,1,2,0.18474802165764267,0.708964922238271
2130,PreviousDrawOnly,0,0,1,0.22148271553519372,0.8463462266547725
2131,PreviousDrawOnly,0,1,1,0.2214827155351937,0.8463462266547725
2132,PreviousDrawOnly,1,1,1,0.18474802165764265,0.708964922238271
2133,PreviousDrawOnly,1,1,2,0.18474802165764267,0.708964922238271
2134,PreviousDrawOnly,0,0,0,0.22148271553519372,0.8463462266547725
2135,PreviousDrawOnly,0,1,1,0.22148271553519372,0.8463462266547725
2136,PreviousDrawOnly,0,0,0,0.2214827155351937,0.8463462266547725
2137,PreviousDrawOnly,1,2,2,0.18474802165764267,0.7089649222382709
2138,PreviousDrawOnly,2,2,2,0.14801332778009166,0.5715836178217693
2139,PreviousDrawOnly,3,3,3,0.11127863390254061,0.4342023134052676
2140,PreviousDrawOnly,0,0,0,0.2214827155351937,0.8463462266547727
2141,PreviousDrawOnly,1,1,1,0.18474802165764267,0.7089649222382709
2142,PreviousDrawOnly,0,1,2,0.22148271553519372,0.8463462266547723
2143,PreviousDrawOnly,1,2,2,0.18474802165764267,0.7089649222382708
2144,PreviousDrawOnly,1,2,2,0.18474802165764265,0.7089649222382709
2145,PreviousDrawOnly,2,2,2,0.14801332778009166,0.5715836178217693
2146,PreviousDrawOnly,1,1,1,0.18474802165764265,0.708964922238271
2147,PreviousDrawOnly,1,2,2,0.18474802165764265,0.7089649222382709
2128,TransitionOnly,0,0,2,0.10777317959323986,0.37291482419712574
2129,TransitionOnly,0,0,0,0.10838002797786449,0.37599573452700263
2130,TransitionOnly,0,2,2,0.10689848949846514,0.36909768223558814
2131,TransitionOnly,0,1,2,0.10818284613458358,0.3752322606063702
2132,TransitionOnly,0,1,1,0.10725716322975948,0.3706458396025237
2133,TransitionOnly,1,1,1,0.10769407842986953,0.37290014189634085
2134,TransitionOnly,0,0,1,0.10680695955223632,0.3686166352120173
2135,TransitionOnly,0,1,1,0.10802832259270526,0.3743397781231283
2136,TransitionOnly,0,0,0,0.10771871871196143,0.372584221617745
2137,TransitionOnly,0,0,1,0.10789584023078783,0.37372941149124334
2138,TransitionOnly,0,0,0,0.10977248850897947,0.3833599870516797
2139,TransitionOnly,3,3,3,0.10571054338718813,0.36608215685847256
2140,TransitionOnly,0,0,1,0.10820986727552487,0.3747224361512717
2141,TransitionOnly,0,0,2,0.10720566388217576,0.37047559388214685
2142,TransitionOnly,1,1,1,0.108067157214852,0.3746844430371718
2143,TransitionOnly,0,1,1,0.10823928540497377,0.37510401482242034
2144,TransitionOnly,0,1,1,0.10768811366106537,0.3727250489808903
2145,TransitionOnly,0,0,1,0.10827595356636326,0.3755410764552898
2146,TransitionOnly,1,2,2,0.10735764250813552,0.37127683979479065
2147,TransitionOnly,0,0,0,0.10784415818117857,0.37347502445986464
2128,FullFeatureBatchLogistic,1,1,1,0.10740992652180073,0.37158581275864183
2129,FullFeatureBatchLogistic,1,1,1,0.1077248454351971,0.3730355345174601
2130,FullFeatureBatchLogistic,1,2,2,0.10710212099503515,0.37011620353439056
2131,FullFeatureBatchLogistic,1,1,1,0.10771386535783253,0.37300909209177435
2132,FullFeatureBatchLogistic,2,2,2,0.10705741229614715,0.36994187967756975
2133,FullFeatureBatchLogistic,1,1,1,0.10737348025705257,0.37138349686913996
2134,FullFeatureBatchLogistic,0,0,0,0.10770594046404755,0.3729326979004891
2135,FullFeatureBatchLogistic,0,1,1,0.10747639836824022,0.37186042229863037
2136,FullFeatureBatchLogistic,1,1,1,0.10717557359903306,0.37046104601457686
2137,FullFeatureBatchLogistic,2,2,3,0.10720233266199031,0.3705935064204733
2138,FullFeatureBatchLogistic,1,2,2,0.10764035571619211,0.3726556545496555
2139,FullFeatureBatchLogistic,1,1,2,0.10737115687692475,0.3713778373897535
2140,FullFeatureBatchLogistic,1,1,2,0.10753339747864003,0.3721504504810364
2141,FullFeatureBatchLogistic,1,1,1,0.10734474264115387,0.37124412290772996
2142,FullFeatureBatchLogistic,1,1,1,0.10735517321185772,0.37131402673735614
2143,FullFeatureBatchLogistic,3,4,4,0.10665235475461116,0.3680628446341309
2144,FullFeatureBatchLogistic,1,2,2,0.10717838728462734,0.3704888977065865
2145,FullFeatureBatchLogistic,0,0,0,0.1077086536858952,0.3729480361065064
2146,FullFeatureBatchLogistic,2,2,2,0.10731172443004389,0.37112038054398944
2147,FullFeatureBatchLogistic,1,1,1,0.1073619186255452,0.3713394719843602
2128,FullFeatureOnlineSGD,0,1,2,0.10758950522608968,0.37204664603589405
2129,FullFeatureOnlineSGD,0,0,1,0.10882352020423733,0.3779114106842689
2130,FullFeatureOnlineSGD,0,0,1,0.1073836881311578,0.37091607504103385
2131,FullFeatureOnlineSGD,1,2,2,0.106918716354793,0.3701705421478496
2132,FullFeatureOnlineSGD,1,2,2,0.1055474831409276,0.36306290304545735
2133,FullFeatureOnlineSGD,1,1,3,0.10705459871550005,0.3696800173475918
2134,FullFeatureOnlineSGD,1,1,2,0.10826164956536917,0.37551425869137867
2135,FullFeatureOnlineSGD,0,1,1,0.10719515607370697,0.370215863739575
2136,FullFeatureOnlineSGD,1,1,2,0.10528663731389887,0.361924469263503
2137,FullFeatureOnlineSGD,0,1,2,0.10730053445624262,0.37076345604015204
2138,FullFeatureOnlineSGD,1,1,1,0.10870698949000435,0.37789602401680594
2139,FullFeatureOnlineSGD,1,1,1,0.10812339372043189,0.3748468440370129
2140,FullFeatureOnlineSGD,1,1,1,0.10721803106146666,0.370985176954751
2141,FullFeatureOnlineSGD,0,0,1,0.10781332844022777,0.37290178451997247
2142,FullFeatureOnlineSGD,1,1,1,0.10724220332219574,0.3706272392079713
2143,FullFeatureOnlineSGD,4,4,4,0.10386754885302038,0.35593746423519995
2144,FullFeatureOnlineSGD,1,2,2,0.10637606723017895,0.3669604053288391
2145,FullFeatureOnlineSGD,0,0,0,0.10896563995814017,0.3787805982269536
2146,FullFeatureOnlineSGD,1,1,2,0.10918370447351768,0.3802013341796922
2147,FullFeatureOnlineSGD,0,2,3,0.10718916692658695,0.3707575751221323
2128,FixedHoldoutLogistic,1,1,1,0.10740992652180073,0.37158581275864183
2129,FixedHoldoutLogistic,1,1,1,0.10774818231960541,0.37314620836627194
2130,FixedHoldoutLogistic,0,2,3,0.10708486490105625,0.3700370789159413
2131,FixedHoldoutLogistic,1,2,2,0.10770742301825328,0.37298028649898
2132,FixedHoldoutLogistic,2,2,2,0.10708996188611782,0.3700917294639803
2133,FixedHoldoutLogistic,1,1,1,0.10737773907413171,0.37140606443379415
2134,FixedHoldoutLogistic,0,0,0,0.10765654587612002,0.3726973010330399
2135,FixedHoldoutLogistic,0,1,1,0.10748320795221257,0.3718919406823871
2136,FixedHoldoutLogistic,1,1,1,0.10719375981283827,0.37054032078203414
2137,FixedHoldoutLogistic,1,2,2,0.10723225551699991,0.3707316276385686
2138,FixedHoldoutLogistic,1,2,2,0.10761454537883161,0.3725404907288534
2139,FixedHoldoutLogistic,1,1,2,0.10735558856788413,0.3713119710429689
2140,FixedHoldoutLogistic,1,1,1,0.10753348265060747,0.3721473610407256
2141,FixedHoldoutLogistic,1,1,1,0.10732307038499862,0.37113911045733994
2142,FixedHoldoutLogistic,1,1,1,0.10737880531903189,0.37143253058237485
2143,FixedHoldoutLogistic,3,4,5,0.10657936777716542,0.3677282818262706
2144,FixedHoldoutLogistic,1,1,1,0.10728107471232981,0.37095835453476633
2145,FixedHoldoutLogistic,0,0,0,0.10775997326480914,0.3731837565994683
2146,FixedHoldoutLogistic,2,2,2,0.10725314779204484,0.370854641284424
2147,FixedHoldoutLogistic,1,1,1,0.10745129905020027,0.37176464867715825
