target_index,draw_id,fit_performed_before_prediction,updated_after_outcome,max_training_target,test_target,retrain_interval
500,100000083,False,True,499,500,1
501,100000084,False,True,500,501,1
502,100000085,False,True,501,502,1
503,100000086,False,True,502,503,1
504,100000087,False,True,503,504,1
505,100000088,False,True,504,505,1
506,100000089,False,True,505,506,1
507,100000090,False,True,506,507,1
508,100000091,False,True,507,508,1
509,100000092,False,True,508,509,1
510,100000093,False,True,509,510,1
511,100000094,False,True,510,511,1
512,100000095,False,True,511,512,1
513,100000096,False,True,512,513,1
514,100000097,False,True,513,514,1
515,100000098,False,True,514,515,1
516,100000099,False,True,515,516,1
517,100000100,False,True,516,517,1
518,100000101,False,True,517,518,1
519,100000102,False,True,518,519,1
520,100000103,False,True,519,520,1
521,100000104,False,True,520,521,1
522,101000001,False,True,521,522,1
523,101000002,False,True,522,523,1
524,101000003,False,True,523,524,1
525,101000004,False,True,524,525,1
526,101000005,False,True,525,526,1
527,101000006,False,True,526,527,1
528,101000007,False,True,527,528,1
529,101000008,False,True,528,529,1
530,101000009,False,True,529,530,1
531,101000010,False,True,530,531,1
532,101000011,False,True,531,532,1
533,101000012,False,True,532,533,1
534,101000013,False,True,533,534,1
535,101000014,False,True,534,535,1
536,101000015,False,True,535,536,1
537,101000016,False,True,536,537,1
538,101000017,False,True,537,538,1
539,101000018,False,True,538,539,1
540,101000019,False,True,539,540,1
541,101000020,False,True,540,541,1
542,101000021,False,True,541,542,1
543,101000022,False,True,542,543,1
544,101000023,False,True,543,544,1
545,101000024,False,True,544,545,1
546,101000025,False,True,545,546,1
547,101000026,False,True,546,547,1
548,101000027,False,True,547,548,1
549,101000028,False,True,548,549,1
550,101000029,False,True,549,550,1
551,101000030,False,True,550,551,1
552,101000031,False,True,551,552,1
553,101000032,False,True,552,553,1
554,101000033,False,True,553,554,1
555,101000034,False,True,554,555,1
556,101000035,False,True,555,556,1
557,101000036,False,True,556,557,1
558,101000037,False,True,557,558,1
559,101000038,False,True,558,559,1
560,101000039,False,True,559,560,1
561,101000040,False,True,560,561,1
562,101000041,False,True,561,562,1
563,101000042,False,True,562,563,1
564,101000043,False,True,563,564,1
565,101000044,False,True,564,565,1
566,101000045,False,True,565,566,1
567,101000046,False,True,566,567,1
568,101000047,False,True,567,568,1
569,101000048,False,True,568,569,1
570,101000049,False,True,569,570,1
571,101000050,False,True,570,571,1
572,101000051,False,True,571,572,1
573,101000052,False,True,572,573,1
574,101000053,False,True,573,574,1
575,101000054,False,True,574,575,1
576,101000055,False,True,575,576,1
577,101000056,False,True,576,577,1
578,101000057,False,True,577,578,1
579,101000058,False,True,578,579,1
580,101000059,False,True,579,580,1
581,101000060,False,True,580,581,1
582,101000061,False,True,581,582,1
583,101000062,False,True,582,583,1
584,101000063,False,True,583,584,1
585,101000064,False,True,584,585,1
586,101000065,False,True,585,586,1
587,101000066,False,True,586,587,1
588,101000067,False,True,587,588,1
589,101000068,False,True,588,589,1
590,101000069,False,True,589,590,1
591,101000070,False,True,590,591,1
592,101000071,False,True,591,592,1
593,101000072,False,True,592,593,1
594,101000073,False,True,593,594,1
595,101000074,False,True,594,595,1
596,101000075,False,True,595,596,1
597,101000076,False,True,596,597,1
598,101000077,False,True,597,598,1
599,101000078,False,True,598,599,1
600,101000079,False,True,599,600,1
601,101000080,False,True,600,601,1
602,101000081,False,True,601,602,1
603,101000082,False,True,602,603,1
604,101000083,False,True,603,604,1
605,101000084,False,True,604,605,1
606,101000085,False,True,605,606,1
607,101000086,False,True,606,607,1
608,101000087,False,True,607,608,1
609,101000088,False,True,608,609,1
610,101000089,False,True,609,610,1
611,101000090,False,True,610,611,1
612,101000091,False,True,611,612,1
613,101000092,False,True,612,613,1
614,101000093,False,True,613,614,1
615,101000094,False,True,614,615,1
616,101000095,False,True,615,616,1
617,101000096,False,True,616,617,1
618,101000097,False,True,617,618,1
619,101000098,False,True,618,619,1
620,101000099,False,True,619,620,1
621,101000100,False,True,620,621,1
622,101000101,False,True,621,622,1
623,101000102,False,True,622,623,1
624,101000103,False,True,623,624,1
625,101000104,False,True,624,625,1
626,102000001,False,True,625,626,1
627,102000002,False,True,626,627,1
628,102000003,False,True,627,628,1
629,102000004,False,True,628,629,1
630,102000005,False,True,629,630,1
631,102000006,False,True,630,631,1
632,102000007,False,True,631,632,1
633,102000008,False,True,632,633,1
634,102000009,False,True,633,634,1
635,102000010,False,True,634,635,1
636,102000011,False,True,635,636,1
637,102000012,False,True,636,637,1
638,102000013,False,True,637,638,1
639,102000014,False,True,638,639,1
640,102000015,False,True,639,640,1
641,102000016,False,True,640,641,1
642,102000017,False,True,641,642,1
643,102000018,False,True,642,643,1
644,102000019,False,True,643,644,1
645,102000020,False,True,644,645,1
646,102000021,False,True,645,646,1
647,102000022,False,True,646,647,1
648,102000023,False,True,647,648,1
649,102000024,False,True,648,649,1
650,102000025,False,True,649,650,1
651,102000026,False,True,650,651,1
652,102000027,False,True,651,652,1
653,102000028,False,True,652,653,1
654,102000029,False,True,653,654,1
655,102000030,False,True,654,655,1
656,102000031,False,True,655,656,1
657,102000032,False,True,656,657,1
658,102000033,False,True,657,658,1
659,102000034,False,True,658,659,1
660,102000035,False,True,659,660,1
661,102000036,False,True,660,661,1
662,102000037,False,True,661,662,1
663,102000038,False,True,662,663,1
664,102000039,False,True,663,664,1
665,102000040,False,True,664,665,1
666,102000041,False,True,665,666,1
667,102000042,False,True,666,667,1
668,102000043,False,True,667,668,1
669,102000044,False,True,668,669,1
670,102000045,False,True,669,670,1
671,102000046,False,True,670,671,1
672,102000047,False,True,671,672,1
673,102000048,False,True,672,673,1
674,102000049,False,True,673,674,1
675,102000050,False,True,674,675,1
676,102000051,False,True,675,676,1
677,102000052,False,True,676,677,1
678,102000053,False,True,677,678,1
679,102000054,False,True,678,679,1
680,102000055,False,True,679,680,1
681,102000056,False,True,680,681,1
682,102000057,False,True,681,682,1
683,102000058,False,True,682,683,1
684,102000059,False,True,683,684,1
685,102000060,False,True,684,685,1
686,102000061,False,True,685,686,1
687,102000062,False,True,686,687,1
688,102000063,False,True,687,688,1
689,102000064,False,True,688,689,1
690,102000065,False,True,689,690,1
691,102000066,False,True,690,691,1
692,102000067,False,True,691,692,1
693,102000068,False,True,692,693,1
694,102000069,False,True,693,694,1
695,102000070,False,True,694,695,1
696,102000071,False,True,695,696,1
697,102000072,False,True,696,697,1
698,102000073,False,True,697,698,1
699,102000074,False,True,698,699,1
700,102000075,False,True,699,700,1
701,102000076,False,True,700,701,1
702,102000077,False,True,701,702,1
703,102000078,False,True,702,703,1
704,102000079,False,True,703,704,1
705,102000080,False,True,704,705,1
706,102000081,False,True,705,706,1
707,102000082,False,True,706,707,1
708,102000083,False,True,707,708,1
709,102000084,False,True,708,709,1
710,102000085,False,True,709,710,1
711,102000086,False,True,710,711,1
712,102000087,False,True,711,712,1
713,102000088,False,True,712,713,1
714,102000089,False,True,713,714,1
715,102000090,False,True,714,715,1
716,102000091,False,True,715,716,1
717,102000092,False,True,716,717,1
718,102000093,False,True,717,718,1
719,102000094,False,True,718,719,1
720,102000095,False,True,719,720,1
721,102000096,False,True,720,721,1
722,102000097,False,True,721,722,1
723,102000098,False,True,722,723,1
724,102000099,False,True,723,724,1
725,102000100,False,True,724,725,1
726,102000101,False,True,725,726,1
727,102000102,False,True,726,727,1
728,102000103,False,True,727,728,1
729,102000104,False,True,728,729,1
730,102000105,False,True,729,730,1
731,102000106,False,True,730,731,1
732,102000107,False,True,731,732,1
733,102000108,False,True,732,733,1
734,103000001,False,True,733,734,1
735,103000002,False,True,734,735,1
736,103000003,False,True,735,736,1
737,103000004,False,True,736,737,1
738,103000005,False,True,737,738,1
739,103000006,False,True,738,739,1
740,103000007,False,True,739,740,1
741,103000008,False,True,740,741,1
742,103000009,False,True,741,742,1
743,103000010,False,True,742,743,1
744,103000011,False,True,743,744,1
745,103000012,False,True,744,745,1
746,103000013,False,True,745,746,1
747,103000014,False,True,746,747,1
748,103000015,False,True,747,748,1
749,103000016,False,True,748,749,1
750,103000017,False,True,749,750,1
751,103000018,False,True,750,751,1
752,103000019,False,True,751,752,1
753,103000020,False,True,752,753,1
754,103000021,False,True,753,754,1
755,103000022,False,True,754,755,1
756,103000023,False,True,755,756,1
757,103000024,False,True,756,757,1
758,103000025,False,True,757,758,1
759,103000026,False,True,758,759,1
760,103000027,False,True,759,760,1
761,103000028,False,True,760,761,1
762,103000029,False,True,761,762,1
763,103000030,False,True,762,763,1
764,103000031,False,True,763,764,1
765,103000032,False,True,764,765,1
766,103000033,False,True,765,766,1
767,103000034,False,True,766,767,1
768,103000035,False,True,767,768,1
769,103000036,False,True,768,769,1
770,103000037,False,True,769,770,1
771,103000038,False,True,770,771,1
772,103000039,False,True,771,772,1
773,103000040,False,True,772,773,1
774,103000041,False,True,773,774,1
775,103000042,False,True,774,775,1
776,103000043,False,True,775,776,1
777,103000044,False,True,776,777,1
778,103000045,False,True,777,778,1
779,103000046,False,True,778,779,1
780,103000047,False,True,779,780,1
781,103000048,False,True,780,781,1
782,103000049,False,True,781,782,1
783,103000050,False,True,782,783,1
784,103000051,False,True,783,784,1
785,103000052,False,True,784,785,1
786,103000053,False,True,785,786,1
787,103000054,False,True,786,787,1
788,103000055,False,True,787,788,1
789,103000056,False,True,788,789,1
790,103000057,False,True,789,790,1
791,103000058,False,True,790,791,1
792,103000059,False,True,791,792,1
793,103000060,False,True,792,793,1
794,103000061,False,True,793,794,1
795,103000062,False,True,794,795,1
796,103000063,False,True,795,796,1
797,103000064,False,True,796,797,1
798,103000065,False,True,797,798,1
799,103000066,False,True,798,799,1
800,103000067,False,True,799,800,1
801,103000068,False,True,800,801,1
802,103000069,False,True,801,802,1
803,103000070,False,True,802,803,1
804,103000071,False,True,803,804,1
805,103000072,False,True,804,805,1
806,103000073,False,True,805,806,1
807,103000074,False,True,806,807,1
808,103000075,False,True,807,808,1
809,103000076,False,True,808,809,1
810,103000077,False,True,809,810,1
811,103000078,False,True,810,811,1
812,103000079,False,True,811,812,1
813,103000080,False,True,812,813,1
814,103000081,False,True,813,814,1
815,103000082,False,True,814,815,1
816,103000083,False,True,815,816,1
817,103000084,False,True,816,817,1
818,103000085,False,True,817,818,1
819,103000086,False,True,818,819,1
820,103000087,False,True,819,820,1
821,103000088,False,True,820,821,1
822,103000089,False,True,821,822,1
823,103000090,False,True,822,823,1
824,103000091,False,True,823,824,1
825,103000092,False,True,824,825,1
826,103000093,False,True,825,826,1
827,103000094,False,True,826,827,1
828,103000095,False,True,827,828,1
829,103000096,False,True,828,829,1
830,103000097,False,True,829,830,1
831,103000098,False,True,830,831,1
832,103000099,False,True,831,832,1
833,103000100,False,True,832,833,1
834,103000101,False,True,833,834,1
835,103000102,False,True,834,835,1
836,103000103,False,True,835,836,1
837,103000104,False,True,836,837,1
838,103000105,False,True,837,838,1
839,103000106,False,True,838,839,1
840,103000107,False,True,839,840,1
841,103000108,False,True,840,841,1
842,104000001,False,True,841,842,1
843,104000002,False,True,842,843,1
844,104000003,False,True,843,844,1
845,104000004,False,True,844,845,1
846,104000005,False,True,845,846,1
847,104000006,False,True,846,847,1
848,104000007,False,True,847,848,1
849,104000008,False,True,848,849,1
850,104000009,False,True,849,850,1
851,104000010,False,True,850,851,1
852,104000011,False,True,851,852,1
853,104000012,False,True,852,853,1
854,104000013,False,True,853,854,1
855,104000014,False,True,854,855,1
856,104000015,False,True,855,856,1
857,104000016,False,True,856,857,1
858,104000017,False,True,857,858,1
859,104000018,False,True,858,859,1
860,104000019,False,True,859,860,1
861,104000020,False,True,860,861,1
862,104000021,False,True,861,862,1
863,104000022,False,True,862,863,1
864,104000023,False,True,863,864,1
865,104000024,False,True,864,865,1
866,104000025,False,True,865,866,1
867,104000026,False,True,866,867,1
868,104000027,False,True,867,868,1
869,104000028,False,True,868,869,1
870,104000029,False,True,869,870,1
871,104000030,False,True,870,871,1
872,104000031,False,True,871,872,1
873,104000032,False,True,872,873,1
874,104000033,False,True,873,874,1
875,104000034,False,True,874,875,1
876,104000035,False,True,875,876,1
877,104000036,False,True,876,877,1
878,104000037,False,True,877,878,1
879,104000038,False,True,878,879,1
880,104000039,False,True,879,880,1
881,104000040,False,True,880,881,1
882,104000041,False,True,881,882,1
883,104000042,False,True,882,883,1
884,104000043,False,True,883,884,1
885,104000044,False,True,884,885,1
886,104000045,False,True,885,886,1
887,104000046,False,True,886,887,1
888,104000047,False,True,887,888,1
889,104000048,False,True,888,889,1
890,104000049,False,True,889,890,1
891,104000050,False,True,890,891,1
892,104000051,False,True,891,892,1
893,104000052,False,True,892,893,1
894,104000053,False,True,893,894,1
895,104000054,False,True,894,895,1
896,104000055,False,True,895,896,1
897,104000056,False,True,896,897,1
898,104000057,False,True,897,898,1
899,104000058,False,True,898,899,1
900,104000059,False,True,899,900,1
901,104000060,False,True,900,901,1
902,104000061,False,True,901,902,1
903,104000062,False,True,902,903,1
904,104000063,False,True,903,904,1
905,104000064,False,True,904,905,1
906,104000065,False,True,905,906,1
907,104000066,False,True,906,907,1
908,104000067,False,True,907,908,1
909,104000068,False,True,908,909,1
910,104000069,False,True,909,910,1
911,104000070,False,True,910,911,1
912,104000071,False,True,911,912,1
913,104000072,False,True,912,913,1
914,104000073,False,True,913,914,1
915,104000074,False,True,914,915,1
916,104000075,False,True,915,916,1
917,104000076,False,True,916,917,1
918,104000077,False,True,917,918,1
919,104000078,False,True,918,919,1
920,104000079,False,True,919,920,1
921,104000080,False,True,920,921,1
922,104000081,False,True,921,922,1
923,104000082,False,True,922,923,1
924,104000083,False,True,923,924,1
925,104000084,False,True,924,925,1
926,104000085,False,True,925,926,1
927,104000086,False,True,926,927,1
928,104000087,False,True,927,928,1
929,104000088,False,True,928,929,1
930,104000089,False,True,929,930,1
931,104000090,False,True,930,931,1
932,104000091,False,True,931,932,1
933,104000092,False,True,932,933,1
934,104000093,False,True,933,934,1
935,104000094,False,True,934,935,1
936,104000095,False,True,935,936,1
937,104000096,False,True,936,937,1
938,104000097,False,True,937,938,1
939,104000098,False,True,938,939,1
940,104000099,False,True,939,940,1
941,104000100,False,True,940,941,1
942,104000101,False,True,941,942,1
943,104000102,False,True,942,943,1
944,104000103,False,True,943,944,1
945,104000104,False,True,944,945,1
946,104000105,False,True,945,946,1
947,104000106,False,True,946,947,1
948,104000107,False,True,947,948,1
949,104000108,False,True,948,949,1
950,104000109,False,True,949,950,1
951,105000001,False,True,950,951,1
952,105000002,False,True,951,952,1
953,105000003,False,True,952,953,1
954,105000004,False,True,953,954,1
955,105000005,False,True,954,955,1
956,105000006,False,True,955,956,1
957,105000007,False,True,956,957,1
958,105000008,False,True,957,958,1
959,105000009,False,True,958,959,1
960,105000010,False,True,959,960,1
961,105000011,False,True,960,961,1
962,105000012,False,True,961,962,1
963,105000013,False,True,962,963,1
964,105000014,False,True,963,964,1
965,105000015,False,True,964,965,1
966,105000016,False,True,965,966,1
967,105000017,False,True,966,967,1
968,105000018,False,True,967,968,1
969,105000019,False,True,968,969,1
970,105000020,False,True,969,970,1
971,105000021,False,True,970,971,1
972,105000022,False,True,971,972,1
973,105000023,False,True,972,973,1
974,105000024,False,True,973,974,1
975,105000025,False,True,974,975,1
976,105000026,False,True,975,976,1
977,105000027,False,True,976,977,1
978,105000028,False,True,977,978,1
979,105000029,False,True,978,979,1
980,105000030,False,True,979,980,1
981,105000031,False,True,980,981,1
982,105000032,False,True,981,982,1
983,105000033,False,True,982,983,1
984,105000034,False,True,983,984,1
985,105000035,False,True,984,985,1
986,105000036,False,True,985,986,1
987,105000037,False,True,986,987,1
988,105000038,False,True,987,988,1
989,105000039,False,True,988,989,1
990,105000040,False,True,989,990,1
991,105000041,False,True,990,991,1
992,105000042,False,True,991,992,1
993,105000043,False,True,992,993,1
994,105000044,False,True,993,994,1
995,105000045,False,True,994,995,1
996,105000046,False,True,995,996,1
997,105000047,False,True,996,997,1
998,105000048,False,True,997,998,1
999,105000049,False,True,998,999,1
1000,105000050,False,True,999,1000,1
1001,105000051,False,True,1000,1001,1
1002,105000052,False,True,1001,1002,1
1003,105000053,False,True,1002,1003,1
1004,105000054,False,True,1003,1004,1
1005,105000055,False,True,1004,1005,1
1006,105000056,False,True,1005,1006,1
1007,105000057,False,True,1006,1007,1
1008,105000058,False,True,1007,1008,1
1009,105000059,False,True,1008,1009,1
1010,105000060,False,True,1009,1010,1
1011,105000061,False,True,1010,1011,1
1012,105000062,False,True,1011,1012,1
1013,105000063,False,True,1012,1013,1
1014,105000064,False,True,1013,1014,1
1015,105000065,False,True,1014,1015,1
1016,105000066,False,True,1015,1016,1
1017,105000067,False,True,1016,1017,1
1018,105000068,False,True,1017,1018,1
1019,105000069,False,True,1018,1019,1
1020,105000070,False,True,1019,1020,1
1021,105000071,False,True,1020,1021,1
1022,105000072,False,True,1021,1022,1
1023,105000073,False,True,1022,1023,1
1024,105000074,False,True,1023,1024,1
1025,105000075,False,True,1024,1025,1
1026,105000076,False,True,1025,1026,1
1027,105000077,False,True,1026,1027,1
1028,105000078,False,True,1027,1028,1
1029,105000079,False,True,1028,1029,1
1030,105000080,False,True,1029,1030,1
1031,105000081,False,True,1030,1031,1
1032,105000082,False,True,1031,1032,1
1033,105000083,False,True,1032,1033,1
1034,105000084,False,True,1033,1034,1
1035,105000085,False,True,1034,1035,1
1036,105000086,False,True,1035,1036,1
1037,105000087,False,True,1036,1037,1
1038,105000088,False,True,1037,1038,1
1039,105000089,False,True,1038,1039,1
1040,105000090,False,True,1039,1040,1
1041,105000091,False,True,1040,1041,1
1042,105000092,False,True,1041,1042,1
1043,105000093,False,True,1042,1043,1
1044,105000094,False,True,1043,1044,1
1045,105000095,False,True,1044,1045,1
1046,105000096,False,True,1045,1046,1
1047,105000097,False,True,1046,1047,1
1048,105000098,False,True,1047,1048,1
1049,105000099,False,True,1048,1049,1
1050,105000100,False,True,1049,1050,1
1051,105000101,False,True,1050,1051,1
1052,105000102,False,True,1051,1052,1
1053,105000103,False,True,1052,1053,1
1054,105000104,False,True,1053,1054,1
1055,105000105,False,True,1054,1055,1
1056,105000106,False,True,1055,1056,1
1057,105000107,False,True,1056,1057,1
1058,105000108,False,True,1057,1058,1
1059,105000109,False,True,1058,1059,1
1060,105000110,False,True,1059,1060,1
1061,105000111,False,True,1060,1061,1
1062,106000001,False,True,1061,1062,1
1063,106000002,False,True,1062,1063,1
1064,106000003,False,True,1063,1064,1
1065,106000004,False,True,1064,1065,1
1066,106000005,False,True,1065,1066,1
1067,106000006,False,True,1066,1067,1
1068,106000007,False,True,1067,1068,1
1069,106000008,False,True,1068,1069,1
1070,106000009,False,True,1069,1070,1
1071,106000010,False,True,1070,1071,1
1072,106000011,False,True,1071,1072,1
1073,106000012,False,True,1072,1073,1
1074,106000013,False,True,1073,1074,1
1075,106000014,False,True,1074,1075,1
1076,106000015,False,True,1075,1076,1
1077,106000016,False,True,1076,1077,1
1078,106000017,False,True,1077,1078,1
1079,106000018,False,True,1078,1079,1
1080,106000019,False,True,1079,1080,1
1081,106000020,False,True,1080,1081,1
1082,106000021,False,True,1081,1082,1
1083,106000022,False,True,1082,1083,1
1084,106000023,False,True,1083,1084,1
1085,106000024,False,True,1084,1085,1
1086,106000025,False,True,1085,1086,1
1087,106000026,False,True,1086,1087,1
1088,106000027,False,True,1087,1088,1
1089,106000028,False,True,1088,1089,1
1090,106000029,False,True,1089,1090,1
1091,106000030,False,True,1090,1091,1
1092,106000031,False,True,1091,1092,1
1093,106000032,False,True,1092,1093,1
1094,106000033,False,True,1093,1094,1
1095,106000034,False,True,1094,1095,1
1096,106000035,False,True,1095,1096,1
1097,106000036,False,True,1096,1097,1
1098,106000037,False,True,1097,1098,1
1099,106000038,False,True,1098,1099,1
1100,106000039,False,True,1099,1100,1
1101,106000040,False,True,1100,1101,1
1102,106000041,False,True,1101,1102,1
1103,106000042,False,True,1102,1103,1
1104,106000043,False,True,1103,1104,1
1105,106000044,False,True,1104,1105,1
1106,106000045,False,True,1105,1106,1
1107,106000046,False,True,1106,1107,1
1108,106000047,False,True,1107,1108,1
1109,106000048,False,True,1108,1109,1
1110,106000049,False,True,1109,1110,1
1111,106000050,False,True,1110,1111,1
1112,106000051,False,True,1111,1112,1
1113,106000052,False,True,1112,1113,1
1114,106000053,False,True,1113,1114,1
1115,106000054,False,True,1114,1115,1
1116,106000055,False,True,1115,1116,1
1117,106000056,False,True,1116,1117,1
1118,106000057,False,True,1117,1118,1
1119,106000058,False,True,1118,1119,1
1120,106000059,False,True,1119,1120,1
1121,106000060,False,True,1120,1121,1
1122,106000061,False,True,1121,1122,1
1123,106000062,False,True,1122,1123,1
1124,106000063,False,True,1123,1124,1
1125,106000064,False,True,1124,1125,1
1126,106000065,False,True,1125,1126,1
1127,106000066,False,True,1126,1127,1
1128,106000067,False,True,1127,1128,1
1129,106000068,False,True,1128,1129,1
1130,106000069,False,True,1129,1130,1
1131,106000070,False,True,1130,1131,1
1132,106000071,False,True,1131,1132,1
1133,106000072,False,True,1132,1133,1
1134,106000073,False,True,1133,1134,1
1135,106000074,False,True,1134,1135,1
1136,106000075,False,True,1135,1136,1
1137,106000076,False,True,1136,1137,1
1138,106000077,False,True,1137,1138,1
1139,106000078,False,True,1138,1139,1
1140,106000079,False,True,1139,1140,1
1141,106000080,False,True,1140,1141,1
1142,106000081,False,True,1141,1142,1
1143,106000082,False,True,1142,1143,1
1144,106000083,False,True,1143,1144,1
1145,106000084,False,True,1144,1145,1
1146,106000085,False,True,1145,1146,1
1147,106000086,False,True,1146,1147,1
1148,106000087,False,True,1147,1148,1
1149,106000088,False,True,1148,1149,1
1150,106000089,False,True,1149,1150,1
1151,106000090,False,True,1150,1151,1
1152,106000091,False,True,1151,1152,1
1153,106000092,False,True,1152,1153,1
1154,106000093,False,True,1153,1154,1
1155,106000094,False,True,1154,1155,1
1156,106000095,False,True,1155,1156,1
1157,106000096,False,True,1156,1157,1
1158,106000097,False,True,1157,1158,1
1159,106000098,False,True,1158,1159,1
1160,106000099,False,True,1159,1160,1
1161,106000100,False,True,1160,1161,1
1162,106000101,False,True,1161,1162,1
1163,106000102,False,True,1162,1163,1
1164,106000103,False,True,1163,1164,1
1165,106000104,False,True,1164,1165,1
1166,106000105,False,True,1165,1166,1
1167,106000106,False,True,1166,1167,1
1168,106000107,False,True,1167,1168,1
1169,106000108,False,True,1168,1169,1
1170,107000001,False,True,1169,1170,1
1171,107000002,False,True,1170,1171,1
1172,107000003,False,True,1171,1172,1
1173,107000004,False,True,1172,1173,1
1174,107000005,False,True,1173,1174,1
1175,107000006,False,True,1174,1175,1
1176,107000007,False,True,1175,1176,1
1177,107000008,False,True,1176,1177,1
1178,107000009,False,True,1177,1178,1
1179,107000010,False,True,1178,1179,1
1180,107000011,False,True,1179,1180,1
1181,107000012,False,True,1180,1181,1
1182,107000013,False,True,1181,1182,1
1183,107000014,False,True,1182,1183,1
1184,107000015,False,True,1183,1184,1
1185,107000016,False,True,1184,1185,1
1186,107000017,False,True,1185,1186,1
1187,107000018,False,True,1186,1187,1
1188,107000019,False,True,1187,1188,1
1189,107000020,False,True,1188,1189,1
1190,107000021,False,True,1189,1190,1
1191,107000022,False,True,1190,1191,1
1192,107000023,False,True,1191,1192,1
1193,107000024,False,True,1192,1193,1
1194,107000025,False,True,1193,1194,1
1195,107000026,False,True,1194,1195,1
1196,107000027,False,True,1195,1196,1
1197,107000028,False,True,1196,1197,1
1198,107000029,False,True,1197,1198,1
1199,107000030,False,True,1198,1199,1
1200,107000031,False,True,1199,1200,1
1201,107000032,False,True,1200,1201,1
1202,107000033,False,True,1201,1202,1
1203,107000034,False,True,1202,1203,1
1204,107000035,False,True,1203,1204,1
1205,107000036,False,True,1204,1205,1
1206,107000037,False,True,1205,1206,1
1207,107000038,False,True,1206,1207,1
1208,107000039,False,True,1207,1208,1
1209,107000040,False,True,1208,1209,1
1210,107000041,False,True,1209,1210,1
1211,107000042,False,True,1210,1211,1
1212,107000043,False,True,1211,1212,1
1213,107000044,False,True,1212,1213,1
1214,107000045,False,True,1213,1214,1
1215,107000046,False,True,1214,1215,1
1216,107000047,False,True,1215,1216,1
1217,107000048,False,True,1216,1217,1
1218,107000049,False,True,1217,1218,1
1219,107000050,False,True,1218,1219,1
1220,107000051,False,True,1219,1220,1
1221,107000052,False,True,1220,1221,1
1222,107000053,False,True,1221,1222,1
1223,107000054,False,True,1222,1223,1
1224,107000055,False,True,1223,1224,1
1225,107000056,False,True,1224,1225,1
1226,107000057,False,True,1225,1226,1
1227,107000058,False,True,1226,1227,1
1228,107000059,False,True,1227,1228,1
1229,107000060,False,True,1228,1229,1
1230,107000061,False,True,1229,1230,1
1231,107000062,False,True,1230,1231,1
1232,107000063,False,True,1231,1232,1
1233,107000064,False,True,1232,1233,1
1234,107000065,False,True,1233,1234,1
1235,107000066,False,True,1234,1235,1
1236,107000067,False,True,1235,1236,1
1237,107000068,False,True,1236,1237,1
1238,107000069,False,True,1237,1238,1
1239,107000070,False,True,1238,1239,1
1240,107000071,False,True,1239,1240,1
1241,107000072,False,True,1240,1241,1
1242,107000073,False,True,1241,1242,1
1243,107000074,False,True,1242,1243,1
1244,107000075,False,True,1243,1244,1
1245,107000076,False,True,1244,1245,1
1246,107000077,False,True,1245,1246,1
1247,107000078,False,True,1246,1247,1
1248,107000079,False,True,1247,1248,1
1249,107000080,False,True,1248,1249,1
1250,107000081,False,True,1249,1250,1
1251,107000082,False,True,1250,1251,1
1252,107000083,False,True,1251,1252,1
1253,107000084,False,True,1252,1253,1
1254,107000085,False,True,1253,1254,1
1255,107000086,False,True,1254,1255,1
1256,107000087,False,True,1255,1256,1
1257,107000088,False,True,1256,1257,1
1258,107000089,False,True,1257,1258,1
1259,107000090,False,True,1258,1259,1
1260,107000091,False,True,1259,1260,1
1261,107000092,False,True,1260,1261,1
1262,107000093,False,True,1261,1262,1
1263,107000094,False,True,1262,1263,1
1264,107000095,False,True,1263,1264,1
1265,107000096,False,True,1264,1265,1
1266,107000097,False,True,1265,1266,1
1267,107000098,False,True,1266,1267,1
1268,107000099,False,True,1267,1268,1
1269,107000100,False,True,1268,1269,1
1270,107000101,False,True,1269,1270,1
1271,107000102,False,True,1270,1271,1
1272,107000103,False,True,1271,1272,1
1273,107000104,False,True,1272,1273,1
1274,107000105,False,True,1273,1274,1
1275,107000106,False,True,1274,1275,1
1276,107000107,False,True,1275,1276,1
1277,107000108,False,True,1276,1277,1
1278,108000001,False,True,1277,1278,1
1279,108000002,False,True,1278,1279,1
1280,108000003,False,True,1279,1280,1
1281,108000004,False,True,1280,1281,1
1282,108000005,False,True,1281,1282,1
1283,108000006,False,True,1282,1283,1
1284,108000007,False,True,1283,1284,1
1285,108000008,False,True,1284,1285,1
1286,108000009,False,True,1285,1286,1
1287,108000010,False,True,1286,1287,1
1288,108000011,False,True,1287,1288,1
1289,108000012,False,True,1288,1289,1
1290,108000013,False,True,1289,1290,1
1291,108000014,False,True,1290,1291,1
1292,108000015,False,True,1291,1292,1
1293,108000016,False,True,1292,1293,1
1294,108000017,False,True,1293,1294,1
1295,108000018,False,True,1294,1295,1
1296,108000019,False,True,1295,1296,1
1297,108000020,False,True,1296,1297,1
1298,108000021,False,True,1297,1298,1
1299,108000022,False,True,1298,1299,1
1300,108000023,False,True,1299,1300,1
1301,108000024,False,True,1300,1301,1
1302,108000025,False,True,1301,1302,1
1303,108000026,False,True,1302,1303,1
1304,108000027,False,True,1303,1304,1
1305,108000028,False,True,1304,1305,1
1306,108000029,False,True,1305,1306,1
1307,108000030,False,True,1306,1307,1
1308,108000031,False,True,1307,1308,1
1309,108000032,False,True,1308,1309,1
1310,108000033,False,True,1309,1310,1
1311,108000034,False,True,1310,1311,1
1312,108000035,False,True,1311,1312,1
1313,108000036,False,True,1312,1313,1
1314,108000037,False,True,1313,1314,1
1315,108000038,False,True,1314,1315,1
1316,108000039,False,True,1315,1316,1
1317,108000040,False,True,1316,1317,1
1318,108000041,False,True,1317,1318,1
1319,108000042,False,True,1318,1319,1
1320,108000043,False,True,1319,1320,1
1321,108000044,False,True,1320,1321,1
1322,108000045,False,True,1321,1322,1
1323,108000046,False,True,1322,1323,1
1324,108000047,False,True,1323,1324,1
1325,108000048,False,True,1324,1325,1
1326,108000049,False,True,1325,1326,1
1327,108000050,False,True,1326,1327,1
1328,108000051,False,True,1327,1328,1
1329,108000052,False,True,1328,1329,1
1330,108000053,False,True,1329,1330,1
1331,108000054,False,True,1330,1331,1
1332,108000055,False,True,1331,1332,1
1333,108000056,False,True,1332,1333,1
1334,108000057,False,True,1333,1334,1
1335,108000058,False,True,1334,1335,1
1336,108000059,False,True,1335,1336,1
1337,108000060,False,True,1336,1337,1
1338,108000061,False,True,1337,1338,1
1339,108000062,False,True,1338,1339,1
1340,108000063,False,True,1339,1340,1
1341,108000064,False,True,1340,1341,1
1342,108000065,False,True,1341,1342,1
1343,108000066,False,True,1342,1343,1
1344,108000067,False,True,1343,1344,1
1345,108000068,False,True,1344,1345,1
1346,108000069,False,True,1345,1346,1
1347,108000070,False,True,1346,1347,1
1348,108000071,False,True,1347,1348,1
1349,108000072,False,True,1348,1349,1
1350,108000073,False,True,1349,1350,1
1351,108000074,False,True,1350,1351,1
1352,108000075,False,True,1351,1352,1
1353,108000076,False,True,1352,1353,1
1354,108000077,False,True,1353,1354,1
1355,108000078,False,True,1354,1355,1
1356,108000079,False,True,1355,1356,1
1357,108000080,False,True,1356,1357,1
1358,108000081,False,True,1357,1358,1
1359,108000082,False,True,1358,1359,1
1360,108000083,False,True,1359,1360,1
1361,108000084,False,True,1360,1361,1
1362,108000085,False,True,1361,1362,1
1363,108000086,False,True,1362,1363,1
1364,108000087,False,True,1363,1364,1
1365,108000088,False,True,1364,1365,1
1366,108000089,False,True,1365,1366,1
1367,108000090,False,True,1366,1367,1
1368,108000091,False,True,1367,1368,1
1369,108000092,False,True,1368,1369,1
1370,108000093,False,True,1369,1370,1
1371,108000094,False,True,1370,1371,1
1372,108000095,False,True,1371,1372,1
1373,108000096,False,True,1372,1373,1
1374,108000097,False,True,1373,1374,1
1375,108000098,False,True,1374,1375,1
1376,108000099,False,True,1375,1376,1
1377,108000100,False,True,1376,1377,1
1378,108000101,False,True,1377,1378,1
1379,108000102,False,True,1378,1379,1
1380,108000103,False,True,1379,1380,1
1381,108000104,False,True,1380,1381,1
1382,108000105,False,True,1381,1382,1
1383,108000106,False,True,1382,1383,1
1384,108000107,False,True,1383,1384,1
1385,108000108,False,True,1384,1385,1
1386,108000109,False,True,1385,1386,1
1387,108000110,False,True,1386,1387,1
1388,108000111,False,True,1387,1388,1
1389,108000112,False,True,1388,1389,1
1390,109000001,False,True,1389,1390,1
1391,109000002,False,True,1390,1391,1
1392,109000003,False,True,1391,1392,1
1393,109000004,False,True,1392,1393,1
1394,109000005,False,True,1393,1394,1
1395,109000006,False,True,1394,1395,1
1396,109000007,False,True,1395,1396,1
1397,109000008,False,True,1396,1397,1
1398,109000009,False,True,1397,1398,1
1399,109000010,False,True,1398,1399,1
1400,109000011,False,True,1399,1400,1
1401,109000012,False,True,1400,1401,1
1402,109000013,False,True,1401,1402,1
1403,109000014,False,True,1402,1403,1
1404,109000015,False,True,1403,1404,1
1405,109000016,False,True,1404,1405,1
1406,109000017,False,True,1405,1406,1
1407,109000018,False,True,1406,1407,1
1408,109000019,False,True,1407,1408,1
1409,109000020,False,True,1408,1409,1
1410,109000021,False,True,1409,1410,1
1411,109000022,False,True,1410,1411,1
1412,109000023,False,True,1411,1412,1
1413,109000024,False,True,1412,1413,1
1414,109000025,False,True,1413,1414,1
1415,109000026,False,True,1414,1415,1
1416,109000027,False,True,1415,1416,1
1417,109000028,False,True,1416,1417,1
1418,109000029,False,True,1417,1418,1
1419,109000030,False,True,1418,1419,1
1420,109000031,False,True,1419,1420,1
1421,109000032,False,True,1420,1421,1
1422,109000033,False,True,1421,1422,1
1423,109000034,False,True,1422,1423,1
1424,109000035,False,True,1423,1424,1
1425,109000036,False,True,1424,1425,1
1426,109000037,False,True,1425,1426,1
1427,109000038,False,True,1426,1427,1
1428,109000039,False,True,1427,1428,1
1429,109000040,False,True,1428,1429,1
1430,109000041,False,True,1429,1430,1
1431,109000042,False,True,1430,1431,1
1432,109000043,False,True,1431,1432,1
1433,109000044,False,True,1432,1433,1
1434,109000045,False,True,1433,1434,1
1435,109000046,False,True,1434,1435,1
1436,109000047,False,True,1435,1436,1
1437,109000048,False,True,1436,1437,1
1438,109000049,False,True,1437,1438,1
1439,109000050,False,True,1438,1439,1
1440,109000051,False,True,1439,1440,1
1441,109000052,False,True,1440,1441,1
1442,109000053,False,True,1441,1442,1
1443,109000054,False,True,1442,1443,1
1444,109000055,False,True,1443,1444,1
1445,109000056,False,True,1444,1445,1
1446,109000057,False,True,1445,1446,1
1447,109000058,False,True,1446,1447,1
1448,109000059,False,True,1447,1448,1
1449,109000060,False,True,1448,1449,1
1450,109000061,False,True,1449,1450,1
1451,109000062,False,True,1450,1451,1
1452,109000063,False,True,1451,1452,1
1453,109000064,False,True,1452,1453,1
1454,109000065,False,True,1453,1454,1
1455,109000066,False,True,1454,1455,1
1456,109000067,False,True,1455,1456,1
1457,109000068,False,True,1456,1457,1
1458,109000069,False,True,1457,1458,1
1459,109000070,False,True,1458,1459,1
1460,109000071,False,True,1459,1460,1
1461,109000072,False,True,1460,1461,1
1462,109000073,False,True,1461,1462,1
1463,109000074,False,True,1462,1463,1
1464,109000075,False,True,1463,1464,1
1465,109000076,False,True,1464,1465,1
1466,109000077,False,True,1465,1466,1
1467,109000078,False,True,1466,1467,1
1468,109000079,False,True,1467,1468,1
1469,109000080,False,True,1468,1469,1
1470,109000081,False,True,1469,1470,1
1471,109000082,False,True,1470,1471,1
1472,109000083,False,True,1471,1472,1
1473,109000084,False,True,1472,1473,1
1474,109000085,False,True,1473,1474,1
1475,109000086,False,True,1474,1475,1
1476,109000087,False,True,1475,1476,1
1477,109000088,False,True,1476,1477,1
1478,109000089,False,True,1477,1478,1
1479,109000090,False,True,1478,1479,1
1480,109000091,False,True,1479,1480,1
1481,109000092,False,True,1480,1481,1
1482,109000093,False,True,1481,1482,1
1483,109000094,False,True,1482,1483,1
1484,109000095,False,True,1483,1484,1
1485,109000096,False,True,1484,1485,1
1486,109000097,False,True,1485,1486,1
1487,109000098,False,True,1486,1487,1
1488,109000099,False,True,1487,1488,1
1489,109000100,False,True,1488,1489,1
1490,109000101,False,True,1489,1490,1
1491,109000102,False,True,1490,1491,1
1492,109000103,False,True,1491,1492,1
1493,109000104,False,True,1492,1493,1
1494,109000105,False,True,1493,1494,1
1495,109000106,False,True,1494,1495,1
1496,109000107,False,True,1495,1496,1
1497,109000108,False,True,1496,1497,1
1498,109000109,False,True,1497,1498,1
1499,109000110,False,True,1498,1499,1
1500,109000111,False,True,1499,1500,1
1501,109000112,False,True,1500,1501,1
1502,110000001,False,True,1501,1502,1
1503,110000002,False,True,1502,1503,1
1504,110000003,False,True,1503,1504,1
1505,110000004,False,True,1504,1505,1
1506,110000005,False,True,1505,1506,1
1507,110000006,False,True,1506,1507,1
1508,110000007,False,True,1507,1508,1
1509,110000008,False,True,1508,1509,1
1510,110000009,False,True,1509,1510,1
1511,110000010,False,True,1510,1511,1
1512,110000011,False,True,1511,1512,1
1513,110000012,False,True,1512,1513,1
1514,110000013,False,True,1513,1514,1
1515,110000014,False,True,1514,1515,1
1516,110000015,False,True,1515,1516,1
1517,110000016,False,True,1516,1517,1
1518,110000017,False,True,1517,1518,1
1519,110000018,False,True,1518,1519,1
1520,110000019,False,True,1519,1520,1
1521,110000020,False,True,1520,1521,1
1522,110000021,False,True,1521,1522,1
1523,110000022,False,True,1522,1523,1
1524,110000023,False,True,1523,1524,1
1525,110000024,False,True,1524,1525,1
1526,110000025,False,True,1525,1526,1
1527,110000026,False,True,1526,1527,1
1528,110000027,False,True,1527,1528,1
1529,110000028,False,True,1528,1529,1
1530,110000029,False,True,1529,1530,1
1531,110000030,False,True,1530,1531,1
1532,110000031,False,True,1531,1532,1
1533,110000032,False,True,1532,1533,1
1534,110000033,False,True,1533,1534,1
1535,110000034,False,True,1534,1535,1
1536,110000035,False,True,1535,1536,1
1537,110000036,False,True,1536,1537,1
1538,110000037,False,True,1537,1538,1
1539,110000038,False,True,1538,1539,1
1540,110000039,False,True,1539,1540,1
1541,110000040,False,True,1540,1541,1
1542,110000041,False,True,1541,1542,1
1543,110000042,False,True,1542,1543,1
1544,110000043,False,True,1543,1544,1
1545,110000044,False,True,1544,1545,1
1546,110000045,False,True,1545,1546,1
1547,110000046,False,True,1546,1547,1
1548,110000047,False,True,1547,1548,1
1549,110000048,False,True,1548,1549,1
1550,110000049,False,True,1549,1550,1
1551,110000050,False,True,1550,1551,1
1552,110000051,False,True,1551,1552,1
1553,110000052,False,True,1552,1553,1
1554,110000053,False,True,1553,1554,1
1555,110000054,False,True,1554,1555,1
1556,110000055,False,True,1555,1556,1
1557,110000056,False,True,1556,1557,1
1558,110000057,False,True,1557,1558,1
1559,110000058,False,True,1558,1559,1
1560,110000059,False,True,1559,1560,1
1561,110000060,False,True,1560,1561,1
1562,110000061,False,True,1561,1562,1
1563,110000062,False,True,1562,1563,1
1564,110000063,False,True,1563,1564,1
1565,110000064,False,True,1564,1565,1
1566,110000065,False,True,1565,1566,1
1567,110000066,False,True,1566,1567,1
1568,110000067,False,True,1567,1568,1
1569,110000068,False,True,1568,1569,1
1570,110000069,False,True,1569,1570,1
1571,110000070,False,True,1570,1571,1
1572,110000071,False,True,1571,1572,1
1573,110000072,False,True,1572,1573,1
1574,110000073,False,True,1573,1574,1
1575,110000074,False,True,1574,1575,1
1576,110000075,False,True,1575,1576,1
1577,110000076,False,True,1576,1577,1
1578,110000077,False,True,1577,1578,1
1579,110000078,False,True,1578,1579,1
1580,110000079,False,True,1579,1580,1
1581,110000080,False,True,1580,1581,1
1582,110000081,False,True,1581,1582,1
1583,110000082,False,True,1582,1583,1
1584,110000083,False,True,1583,1584,1
1585,110000084,False,True,1584,1585,1
1586,110000085,False,True,1585,1586,1
1587,110000086,False,True,1586,1587,1
1588,110000087,False,True,1587,1588,1
1589,110000088,False,True,1588,1589,1
1590,110000089,False,True,1589,1590,1
1591,110000090,False,True,1590,1591,1
1592,110000091,False,True,1591,1592,1
1593,110000092,False,True,1592,1593,1
1594,110000093,False,True,1593,1594,1
1595,110000094,False,True,1594,1595,1
1596,110000095,False,True,1595,1596,1
1597,110000096,False,True,1596,1597,1
1598,110000097,False,True,1597,1598,1
1599,110000098,False,True,1598,1599,1
1600,110000099,False,True,1599,1600,1
1601,110000100,False,True,1600,1601,1
1602,110000101,False,True,1601,1602,1
1603,110000102,False,True,1602,1603,1
1604,110000103,False,True,1603,1604,1
1605,110000104,False,True,1604,1605,1
1606,110000105,False,True,1605,1606,1
1607,110000106,False,True,1606,1607,1
1608,110000107,False,True,1607,1608,1
1609,110000108,False,True,1608,1609,1
1610,110000109,False,True,1609,1610,1
1611,110000110,False,True,1610,1611,1
1612,110000111,False,True,1611,1612,1
1613,110000112,False,True,1612,1613,1
1614,110000113,False,True,1613,1614,1
1615,110000114,False,True,1614,1615,1
1616,111000001,False,True,1615,1616,1
1617,111000002,False,True,1616,1617,1
1618,111000003,False,True,1617,1618,1
1619,111000004,False,True,1618,1619,1
1620,111000005,False,True,1619,1620,1
1621,111000006,False,True,1620,1621,1
1622,111000007,False,True,1621,1622,1
1623,111000008,False,True,1622,1623,1
1624,111000009,False,True,1623,1624,1
1625,111000010,False,True,1624,1625,1
1626,111000011,False,True,1625,1626,1
1627,111000012,False,True,1626,1627,1
1628,111000013,False,True,1627,1628,1
1629,111000014,False,True,1628,1629,1
1630,111000015,False,True,1629,1630,1
1631,111000016,False,True,1630,1631,1
1632,111000017,False,True,1631,1632,1
1633,111000018,False,True,1632,1633,1
1634,111000019,False,True,1633,1634,1
1635,111000020,False,True,1634,1635,1
1636,111000021,False,True,1635,1636,1
1637,111000022,False,True,1636,1637,1
1638,111000023,False,True,1637,1638,1
1639,111000024,False,True,1638,1639,1
1640,111000025,False,True,1639,1640,1
1641,111000026,False,True,1640,1641,1
1642,111000027,False,True,1641,1642,1
1643,111000028,False,True,1642,1643,1
1644,111000029,False,True,1643,1644,1
1645,111000030,False,True,1644,1645,1
1646,111000031,False,True,1645,1646,1
1647,111000032,False,True,1646,1647,1
1648,111000033,False,True,1647,1648,1
1649,111000034,False,True,1648,1649,1
1650,111000035,False,True,1649,1650,1
1651,111000036,False,True,1650,1651,1
1652,111000037,False,True,1651,1652,1
1653,111000038,False,True,1652,1653,1
1654,111000039,False,True,1653,1654,1
1655,111000040,False,True,1654,1655,1
1656,111000041,False,True,1655,1656,1
1657,111000042,False,True,1656,1657,1
1658,111000043,False,True,1657,1658,1
1659,111000044,False,True,1658,1659,1
1660,111000045,False,True,1659,1660,1
1661,111000046,False,True,1660,1661,1
1662,111000047,False,True,1661,1662,1
1663,111000048,False,True,1662,1663,1
1664,111000049,False,True,1663,1664,1
1665,111000050,False,True,1664,1665,1
1666,111000051,False,True,1665,1666,1
1667,111000052,False,True,1666,1667,1
1668,111000053,False,True,1667,1668,1
1669,111000054,False,True,1668,1669,1
1670,111000055,False,True,1669,1670,1
1671,111000056,False,True,1670,1671,1
1672,111000057,False,True,1671,1672,1
1673,111000058,False,True,1672,1673,1
1674,111000059,False,True,1673,1674,1
1675,111000060,False,True,1674,1675,1
1676,111000061,False,True,1675,1676,1
1677,111000062,False,True,1676,1677,1
1678,111000063,False,True,1677,1678,1
1679,111000064,False,True,1678,1679,1
1680,111000065,False,True,1679,1680,1
1681,111000066,False,True,1680,1681,1
1682,111000067,False,True,1681,1682,1
1683,111000068,False,True,1682,1683,1
1684,111000069,False,True,1683,1684,1
1685,111000070,False,True,1684,1685,1
1686,111000071,False,True,1685,1686,1
1687,111000072,False,True,1686,1687,1
1688,111000073,False,True,1687,1688,1
1689,111000074,False,True,1688,1689,1
1690,111000075,False,True,1689,1690,1
1691,111000076,False,True,1690,1691,1
1692,111000077,False,True,1691,1692,1
1693,111000078,False,True,1692,1693,1
1694,111000079,False,True,1693,1694,1
1695,111000080,False,True,1694,1695,1
1696,111000081,False,True,1695,1696,1
1697,111000082,False,True,1696,1697,1
1698,111000083,False,True,1697,1698,1
1699,111000084,False,True,1698,1699,1
1700,111000085,False,True,1699,1700,1
1701,111000086,False,True,1700,1701,1
1702,111000087,False,True,1701,1702,1
1703,111000088,False,True,1702,1703,1
1704,111000089,False,True,1703,1704,1
1705,111000090,False,True,1704,1705,1
1706,111000091,False,True,1705,1706,1
1707,111000092,False,True,1706,1707,1
1708,111000093,False,True,1707,1708,1
1709,111000094,False,True,1708,1709,1
1710,111000095,False,True,1709,1710,1
1711,111000096,False,True,1710,1711,1
1712,111000097,False,True,1711,1712,1
1713,111000098,False,True,1712,1713,1
1714,111000099,False,True,1713,1714,1
1715,111000100,False,True,1714,1715,1
1716,111000101,False,True,1715,1716,1
1717,111000102,False,True,1716,1717,1
1718,111000103,False,True,1717,1718,1
1719,111000104,False,True,1718,1719,1
1720,111000105,False,True,1719,1720,1
1721,111000106,False,True,1720,1721,1
1722,111000107,False,True,1721,1722,1
1723,111000108,False,True,1722,1723,1
1724,111000109,False,True,1723,1724,1
1725,111000110,False,True,1724,1725,1
1726,111000111,False,True,1725,1726,1
1727,111000112,False,True,1726,1727,1
1728,111000113,False,True,1727,1728,1
1729,111000114,False,True,1728,1729,1
1730,112000001,False,True,1729,1730,1
1731,112000002,False,True,1730,1731,1
1732,112000003,False,True,1731,1732,1
1733,112000004,False,True,1732,1733,1
1734,112000005,False,True,1733,1734,1
1735,112000006,False,True,1734,1735,1
1736,112000007,False,True,1735,1736,1
1737,112000008,False,True,1736,1737,1
1738,112000009,False,True,1737,1738,1
1739,112000010,False,True,1738,1739,1
1740,112000011,False,True,1739,1740,1
1741,112000012,False,True,1740,1741,1
1742,112000013,False,True,1741,1742,1
1743,112000014,False,True,1742,1743,1
1744,112000015,False,True,1743,1744,1
1745,112000016,False,True,1744,1745,1
1746,112000017,False,True,1745,1746,1
1747,112000018,False,True,1746,1747,1
1748,112000019,False,True,1747,1748,1
1749,112000020,False,True,1748,1749,1
1750,112000021,False,True,1749,1750,1
1751,112000022,False,True,1750,1751,1
1752,112000023,False,True,1751,1752,1
1753,112000024,False,True,1752,1753,1
1754,112000025,False,True,1753,1754,1
1755,112000026,False,True,1754,1755,1
1756,112000027,False,True,1755,1756,1
1757,112000028,False,True,1756,1757,1
1758,112000029,False,True,1757,1758,1
1759,112000030,False,True,1758,1759,1
1760,112000031,False,True,1759,1760,1
1761,112000032,False,True,1760,1761,1
1762,112000033,False,True,1761,1762,1
1763,112000034,False,True,1762,1763,1
1764,112000035,False,True,1763,1764,1
1765,112000036,False,True,1764,1765,1
1766,112000037,False,True,1765,1766,1
1767,112000038,False,True,1766,1767,1
1768,112000039,False,True,1767,1768,1
1769,112000040,False,True,1768,1769,1
1770,112000041,False,True,1769,1770,1
1771,112000042,False,True,1770,1771,1
1772,112000043,False,True,1771,1772,1
1773,112000044,False,True,1772,1773,1
1774,112000045,False,True,1773,1774,1
1775,112000046,False,True,1774,1775,1
1776,112000047,False,True,1775,1776,1
1777,112000048,False,True,1776,1777,1
1778,112000049,False,True,1777,1778,1
1779,112000050,False,True,1778,1779,1
1780,112000051,False,True,1779,1780,1
1781,112000052,False,True,1780,1781,1
1782,112000053,False,True,1781,1782,1
1783,112000054,False,True,1782,1783,1
1784,112000055,False,True,1783,1784,1
1785,112000056,False,True,1784,1785,1
1786,112000057,False,True,1785,1786,1
1787,112000058,False,True,1786,1787,1
1788,112000059,False,True,1787,1788,1
1789,112000060,False,True,1788,1789,1
1790,112000061,False,True,1789,1790,1
1791,112000062,False,True,1790,1791,1
1792,112000063,False,True,1791,1792,1
1793,112000064,False,True,1792,1793,1
1794,112000065,False,True,1793,1794,1
1795,112000066,False,True,1794,1795,1
1796,112000067,False,True,1795,1796,1
1797,112000068,False,True,1796,1797,1
1798,112000069,False,True,1797,1798,1
1799,112000070,False,True,1798,1799,1
1800,112000071,False,True,1799,1800,1
1801,112000072,False,True,1800,1801,1
1802,112000073,False,True,1801,1802,1
1803,112000074,False,True,1802,1803,1
1804,112000075,False,True,1803,1804,1
1805,112000076,False,True,1804,1805,1
1806,112000077,False,True,1805,1806,1
1807,112000078,False,True,1806,1807,1
1808,112000079,False,True,1807,1808,1
1809,112000080,False,True,1808,1809,1
1810,112000081,False,True,1809,1810,1
1811,112000082,False,True,1810,1811,1
1812,112000083,False,True,1811,1812,1
1813,112000084,False,True,1812,1813,1
1814,112000085,False,True,1813,1814,1
1815,112000086,False,True,1814,1815,1
1816,112000087,False,True,1815,1816,1
1817,112000088,False,True,1816,1817,1
1818,112000089,False,True,1817,1818,1
1819,112000090,False,True,1818,1819,1
1820,112000091,False,True,1819,1820,1
1821,112000092,False,True,1820,1821,1
1822,112000093,False,True,1821,1822,1
1823,112000094,False,True,1822,1823,1
1824,112000095,False,True,1823,1824,1
1825,112000096,False,True,1824,1825,1
1826,112000097,False,True,1825,1826,1
1827,112000098,False,True,1826,1827,1
1828,112000099,False,True,1827,1828,1
1829,112000100,False,True,1828,1829,1
1830,112000101,False,True,1829,1830,1
1831,112000102,False,True,1830,1831,1
1832,112000103,False,True,1831,1832,1
1833,112000104,False,True,1832,1833,1
1834,112000105,False,True,1833,1834,1
1835,112000106,False,True,1834,1835,1
1836,112000107,False,True,1835,1836,1
1837,112000108,False,True,1836,1837,1
1838,112000109,False,True,1837,1838,1
1839,112000110,False,True,1838,1839,1
1840,112000111,False,True,1839,1840,1
1841,112000112,False,True,1840,1841,1
1842,112000113,False,True,1841,1842,1
1843,112000114,False,True,1842,1843,1
1844,112000115,False,True,1843,1844,1
1845,112000116,False,True,1844,1845,1
1846,113000001,False,True,1845,1846,1
1847,113000002,False,True,1846,1847,1
1848,113000003,False,True,1847,1848,1
1849,113000004,False,True,1848,1849,1
1850,113000005,False,True,1849,1850,1
1851,113000006,False,True,1850,1851,1
1852,113000007,False,True,1851,1852,1
1853,113000008,False,True,1852,1853,1
1854,113000009,False,True,1853,1854,1
1855,113000010,False,True,1854,1855,1
1856,113000011,False,True,1855,1856,1
1857,113000012,False,True,1856,1857,1
1858,113000013,False,True,1857,1858,1
1859,113000014,False,True,1858,1859,1
1860,113000015,False,True,1859,1860,1
1861,113000016,False,True,1860,1861,1
1862,113000017,False,True,1861,1862,1
1863,113000018,False,True,1862,1863,1
1864,113000019,False,True,1863,1864,1
1865,113000020,False,True,1864,1865,1
1866,113000021,False,True,1865,1866,1
1867,113000022,False,True,1866,1867,1
1868,113000023,False,True,1867,1868,1
1869,113000024,False,True,1868,1869,1
1870,113000025,False,True,1869,1870,1
1871,113000026,False,True,1870,1871,1
1872,113000027,False,True,1871,1872,1
1873,113000028,False,True,1872,1873,1
1874,113000029,False,True,1873,1874,1
1875,113000030,False,True,1874,1875,1
1876,113000031,False,True,1875,1876,1
1877,113000032,False,True,1876,1877,1
1878,113000033,False,True,1877,1878,1
1879,113000034,False,True,1878,1879,1
1880,113000035,False,True,1879,1880,1
1881,113000036,False,True,1880,1881,1
1882,113000037,False,True,1881,1882,1
1883,113000038,False,True,1882,1883,1
1884,113000039,False,True,1883,1884,1
1885,113000040,False,True,1884,1885,1
1886,113000041,False,True,1885,1886,1
1887,113000042,False,True,1886,1887,1
1888,113000043,False,True,1887,1888,1
1889,113000044,False,True,1888,1889,1
1890,113000045,False,True,1889,1890,1
1891,113000046,False,True,1890,1891,1
1892,113000047,False,True,1891,1892,1
1893,113000048,False,True,1892,1893,1
1894,113000049,False,True,1893,1894,1
1895,113000050,False,True,1894,1895,1
1896,113000051,False,True,1895,1896,1
1897,113000052,False,True,1896,1897,1
1898,113000053,False,True,1897,1898,1
1899,113000054,False,True,1898,1899,1
1900,113000055,False,True,1899,1900,1
1901,113000056,False,True,1900,1901,1
1902,113000057,False,True,1901,1902,1
1903,113000058,False,True,1902,1903,1
1904,113000059,False,True,1903,1904,1
1905,113000060,False,True,1904,1905,1
1906,113000061,False,True,1905,1906,1
1907,113000062,False,True,1906,1907,1
1908,113000063,False,True,1907,1908,1
1909,113000064,False,True,1908,1909,1
1910,113000065,False,True,1909,1910,1
1911,113000066,False,True,1910,1911,1
1912,113000067,False,True,1911,1912,1
1913,113000068,False,True,1912,1913,1
1914,113000069,False,True,1913,1914,1
1915,113000070,False,True,1914,1915,1
1916,113000071,False,True,1915,1916,1
1917,113000072,False,True,1916,1917,1
1918,113000073,False,True,1917,1918,1
1919,113000074,False,True,1918,1919,1
1920,113000075,False,True,1919,1920,1
1921,113000076,False,True,1920,1921,1
1922,113000077,False,True,1921,1922,1
1923,113000078,False,True,1922,1923,1
1924,113000079,False,True,1923,1924,1
1925,113000080,False,True,1924,1925,1
1926,113000081,False,True,1925,1926,1
1927,113000082,False,True,1926,1927,1
1928,113000083,False,True,1927,1928,1
1929,113000084,False,True,1928,1929,1
1930,113000085,False,True,1929,1930,1
1931,113000086,False,True,1930,1931,1
1932,113000087,False,True,1931,1932,1
1933,113000088,False,True,1932,1933,1
1934,113000089,False,True,1933,1934,1
1935,113000090,False,True,1934,1935,1
1936,113000091,False,True,1935,1936,1
1937,113000092,False,True,1936,1937,1
1938,113000093,False,True,1937,1938,1
1939,113000094,False,True,1938,1939,1
1940,113000095,False,True,1939,1940,1
1941,113000096,False,True,1940,1941,1
1942,113000097,False,True,1941,1942,1
1943,113000098,False,True,1942,1943,1
1944,113000099,False,True,1943,1944,1
1945,113000100,False,True,1944,1945,1
1946,113000101,False,True,1945,1946,1
1947,113000102,False,True,1946,1947,1
1948,113000103,False,True,1947,1948,1
1949,113000104,False,True,1948,1949,1
1950,113000105,False,True,1949,1950,1
1951,113000106,False,True,1950,1951,1
1952,113000107,False,True,1951,1952,1
1953,113000108,False,True,1952,1953,1
1954,113000109,False,True,1953,1954,1
1955,113000110,False,True,1954,1955,1
1956,113000111,False,True,1955,1956,1
1957,113000112,False,True,1956,1957,1
1958,113000113,False,True,1957,1958,1
1959,113000114,False,True,1958,1959,1
1960,113000115,False,True,1959,1960,1
1961,113000116,False,True,1960,1961,1
1962,113000117,False,True,1961,1962,1
1963,113000118,False,True,1962,1963,1
1964,114000001,False,True,1963,1964,1
1965,114000002,False,True,1964,1965,1
1966,114000003,False,True,1965,1966,1
1967,114000004,False,True,1966,1967,1
1968,114000005,False,True,1967,1968,1
1969,114000006,False,True,1968,1969,1
1970,114000007,False,True,1969,1970,1
1971,114000008,False,True,1970,1971,1
1972,114000009,False,True,1971,1972,1
1973,114000010,False,True,1972,1973,1
1974,114000011,False,True,1973,1974,1
1975,114000012,False,True,1974,1975,1
1976,114000013,False,True,1975,1976,1
1977,114000014,False,True,1976,1977,1
1978,114000015,False,True,1977,1978,1
1979,114000016,False,True,1978,1979,1
1980,114000017,False,True,1979,1980,1
1981,114000018,False,True,1980,1981,1
1982,114000019,False,True,1981,1982,1
1983,114000020,False,True,1982,1983,1
1984,114000021,False,True,1983,1984,1
1985,114000022,False,True,1984,1985,1
1986,114000023,False,True,1985,1986,1
1987,114000024,False,True,1986,1987,1
1988,114000025,False,True,1987,1988,1
1989,114000026,False,True,1988,1989,1
1990,114000027,False,True,1989,1990,1
1991,114000028,False,True,1990,1991,1
1992,114000029,False,True,1991,1992,1
1993,114000030,False,True,1992,1993,1
1994,114000031,False,True,1993,1994,1
1995,114000032,False,True,1994,1995,1
1996,114000033,False,True,1995,1996,1
1997,114000034,False,True,1996,1997,1
1998,114000035,False,True,1997,1998,1
1999,114000036,False,True,1998,1999,1
2000,114000037,False,True,1999,2000,1
2001,114000038,False,True,2000,2001,1
2002,114000039,False,True,2001,2002,1
2003,114000040,False,True,2002,2003,1
2004,114000041,False,True,2003,2004,1
2005,114000042,False,True,2004,2005,1
2006,114000043,False,True,2005,2006,1
2007,114000044,False,True,2006,2007,1
2008,114000045,False,True,2007,2008,1
2009,114000046,False,True,2008,2009,1
2010,114000047,False,True,2009,2010,1
2011,114000048,False,True,2010,2011,1
2012,114000049,False,True,2011,2012,1
2013,114000050,False,True,2012,2013,1
2014,114000051,False,True,2013,2014,1
2015,114000052,False,True,2014,2015,1
2016,114000053,False,True,2015,2016,1
2017,114000054,False,True,2016,2017,1
2018,114000055,False,True,2017,2018,1
2019,114000056,False,True,2018,2019,1
2020,114000057,False,True,2019,2020,1
2021,114000058,False,True,2020,2021,1
2022,114000059,False,True,2021,2022,1
2023,114000060,False,True,2022,2023,1
2024,114000061,False,True,2023,2024,1
2025,114000062,False,True,2024,2025,1
2026,114000063,False,True,2025,2026,1
2027,114000064,False,True,2026,2027,1
2028,114000065,False,True,2027,2028,1
2029,114000066,False,True,2028,2029,1
2030,114000067,False,True,2029,2030,1
2031,114000068,False,True,2030,2031,1
2032,114000069,False,True,2031,2032,1
2033,114000070,False,True,2032,2033,1
2034,114000071,False,True,2033,2034,1
2035,114000072,False,True,2034,2035,1
2036,114000073,False,True,2035,2036,1
2037,114000074,False,True,2036,2037,1
2038,114000075,False,True,2037,2038,1
2039,114000076,False,True,2038,2039,1
2040,114000077,False,True,2039,2040,1
2041,114000078,False,True,2040,2041,1
2042,114000079,False,True,2041,2042,1
2043,114000080,False,True,2042,2043,1
2044,114000081,False,True,2043,2044,1
2045,114000082,False,True,2044,2045,1
2046,114000083,False,True,2045,2046,1
2047,114000084,False,True,2046,2047,1
2048,114000085,False,True,2047,2048,1
2049,114000086,False,True,2048,2049,1
2050,114000087,False,True,2049,2050,1
2051,114000088,False,True,2050,2051,1
2052,114000089,False,True,2051,2052,1
2053,114000090,False,True,2052,2053,1
2054,114000091,False,True,2053,2054,1
2055,114000092,False,True,2054,2055,1
2056,114000093,False,True,2055,2056,1
2057,114000094,False,True,2056,2057,1
2058,114000095,False,True,2057,2058,1
2059,114000096,False,True,2058,2059,1
2060,114000097,False,True,2059,2060,1
2061,114000098,False,True,2060,2061,1
2062,114000099,False,True,2061,2062,1
2063,114000100,False,True,2062,2063,1
2064,114000101,False,True,2063,2064,1
2065,114000102,False,True,2064,2065,1
2066,114000103,False,True,2065,2066,1
2067,114000104,False,True,2066,2067,1
2068,114000105,False,True,2067,2068,1
2069,114000106,False,True,2068,2069,1
2070,114000107,False,True,2069,2070,1
2071,114000108,False,True,2070,2071,1
2072,114000109,False,True,2071,2072,1
2073,114000110,False,True,2072,2073,1
2074,114000111,False,True,2073,2074,1
2075,114000112,False,True,2074,2075,1
2076,114000113,False,True,2075,2076,1
2077,114000114,False,True,2076,2077,1
2078,114000115,False,True,2077,2078,1
2079,114000116,False,True,2078,2079,1
2080,114000117,False,True,2079,2080,1
2081,114000118,False,True,2080,2081,1
2082,115000001,False,True,2081,2082,1
2083,115000002,False,True,2082,2083,1
2084,115000003,False,True,2083,2084,1
2085,115000004,False,True,2084,2085,1
2086,115000005,False,True,2085,2086,1
2087,115000006,False,True,2086,2087,1
2088,115000007,False,True,2087,2088,1
2089,115000008,False,True,2088,2089,1
2090,115000009,False,True,2089,2090,1
2091,115000010,False,True,2090,2091,1
2092,115000011,False,True,2091,2092,1
2093,115000012,False,True,2092,2093,1
2094,115000013,False,True,2093,2094,1
2095,115000014,False,True,2094,2095,1
2096,115000015,False,True,2095,2096,1
2097,115000016,False,True,2096,2097,1
2098,115000017,False,True,2097,2098,1
2099,115000018,False,True,2098,2099,1
2100,115000019,False,True,2099,2100,1
2101,115000020,False,True,2100,2101,1
2102,115000021,False,True,2101,2102,1
2103,115000022,False,True,2102,2103,1
2104,115000023,False,True,2103,2104,1
2105,115000024,False,True,2104,2105,1
2106,115000025,False,True,2105,2106,1
2107,115000026,False,True,2106,2107,1
2108,115000027,False,True,2107,2108,1
2109,115000028,False,True,2108,2109,1
2110,115000029,False,True,2109,2110,1
2111,115000030,False,True,2110,2111,1
2112,115000031,False,True,2111,2112,1
2113,115000032,False,True,2112,2113,1
2114,115000033,False,True,2113,2114,1
2115,115000034,False,True,2114,2115,1
2116,115000035,False,True,2115,2116,1
2117,115000036,False,True,2116,2117,1
2118,115000037,False,True,2117,2118,1
2119,115000038,False,True,2118,2119,1
2120,115000039,False,True,2119,2120,1
2121,115000040,False,True,2120,2121,1
2122,115000041,False,True,2121,2122,1
2123,115000042,False,True,2122,2123,1
2124,115000043,False,True,2123,2124,1
2125,115000044,False,True,2124,2125,1
2126,115000045,False,True,2125,2126,1
2127,115000046,False,True,2126,2127,1
2128,115000047,False,True,2127,2128,1
2129,115000048,False,True,2128,2129,1
2130,115000049,False,True,2129,2130,1
2131,115000050,False,True,2130,2131,1
2132,115000051,False,True,2131,2132,1
2133,115000052,False,True,2132,2133,1
2134,115000053,False,True,2133,2134,1
2135,115000054,False,True,2134,2135,1
2136,115000055,False,True,2135,2136,1
2137,115000056,False,True,2136,2137,1
2138,115000057,False,True,2137,2138,1
2139,115000058,False,True,2138,2139,1
2140,115000059,False,True,2139,2140,1
2141,115000060,False,True,2140,2141,1
2142,115000061,False,True,2141,2142,1
2143,115000062,False,True,2142,2143,1
2144,115000063,False,True,2143,2144,1
2145,115000064,False,True,2144,2145,1
2146,115000065,False,True,2145,2146,1
2147,115000066,False,True,2146,2147,1
