simulation,selected_model,selection_mean_hits,outer_mean_hits,outer_total_hits,unadjusted_normal_p,appears_significant_p_le_0_05
1,ewma,0.75,0.6966019417475728,574,0.9248932156289063,False
2,fixed_1_6,0.7754854368932039,0.7536407766990292,621,0.2371047297908644,False
3,recent50,0.8046116504854369,0.7184466019417476,592,0.7302862119135235,False
4,repeat_last,0.7609223300970874,0.7633495145631068,629,0.13954688860799924,False
5,historical,0.7366504854368932,0.7160194174757282,590,0.7597057860482179,False
6,recent50,0.7961165048543689,0.7645631067961165,630,0.12961854403261824,False
7,fixed_1_6,0.7342233009708737,0.691747572815534,570,0.9476125393906026,False
8,recent50,0.7536407766990292,0.7269417475728155,599,0.6151652101037901,False
9,recent50,0.7512135922330098,0.6941747572815534,572,0.9370479461639363,False
10,cold_gap,0.7439320388349514,0.741504854368932,611,0.3984895521639562,False
11,recent100,0.7645631067961165,0.7099514563106796,585,0.8249900120461768,False
12,fixed_1_6,0.7742718446601942,0.6990291262135923,576,0.9110259673607168,False
13,repeat_last,0.7633495145631068,0.7597087378640777,626,0.17237005601348904,False
14,prespecified_full_linear,0.7281553398058253,0.7038834951456311,580,0.8777362399752886,False
15,ewma,0.7378640776699029,0.7305825242718447,602,0.5617039190713526,False
16,recent100,0.7754854368932039,0.7220873786407767,595,0.6830206541663417,False
17,exclude_last,0.7621359223300971,0.7220873786407767,595,0.6830206541663417,False
18,recent50,0.8058252427184466,0.7973300970873787,657,0.008994507098406195,True
19,historical,0.7487864077669902,0.7354368932038835,606,0.48880532163061946,False
20,exclude_last,0.7439320388349514,0.7706310679611651,635,0.08732862529121244,False
21,ewma,0.7827669902912622,0.7366504854368932,607,0.47054362663143273,False
22,historical,0.779126213592233,0.7172330097087378,591,0.7452182926492441,False
23,repeat_last,0.7609223300970874,0.7512135922330098,619,0.2663239119791186,False
24,fixed_1_6,0.7924757281553398,0.6881067961165048,567,0.9607663500543601,False
25,fixed_1_6,0.7754854368932039,0.7390776699029126,609,0.4342433395169152,False
26,ewma,0.7936893203883495,0.7512135922330098,619,0.2663239119791186,False
27,recent50,0.7524271844660194,0.7281553398058253,600,0.5975336261150406,False
28,exclude_last,0.7609223300970874,0.7245145631067961,597,0.6496904049125702,False
29,exclude_last,0.7961165048543689,0.7269417475728155,599,0.6151652101037901,False
30,fixed_1_6,0.7451456310679612,0.7317961165048543,603,0.5435779510099145,False
31,historical,0.7572815533980582,0.7524271844660194,620,0.25149009712395237,False
32,historical,0.7815533980582524,0.7512135922330098,619,0.2663239119791186,False
33,cold_gap,0.7754854368932039,0.7572815533980582,624,0.19678438713652951,False
34,recent100,0.7657766990291263,0.7597087378640777,626,0.17237005601348904,False
35,recent50,0.7864077669902912,0.7014563106796117,578,0.895337242477618,False
36,historical,0.7463592233009708,0.691747572815534,570,0.9476125393906026,False
37,cold_gap,0.7864077669902912,0.7402912621359223,610,0.4162798370944438,False
38,repeat_last,0.7766990291262136,0.7694174757281553,634,0.09483576746811007,False
39,cold_gap,0.7487864077669902,0.7439320388349514,613,0.3635685701246699,False
40,cold_gap,0.7536407766990292,0.7245145631067961,597,0.6496904049125702,False
41,recent50,0.7536407766990292,0.7597087378640777,626,0.17237005601348904,False
42,repeat_last,0.7730582524271845,0.7669902912621359,632,0.11125636257450994,False
43,prespecified_full_linear,0.7633495145631068,0.6881067961165048,567,0.9607663500543601,False
44,cold_gap,0.7766990291262136,0.712378640776699,587,0.8003502382496974,False
45,recent50,0.7706310679611651,0.7148058252427184,589,0.7737324306823015,False
46,cold_gap,0.7536407766990292,0.7378640776699029,608,0.4523436802930008,False
47,cold_gap,0.8094660194174758,0.741504854368932,611,0.3984895521639562,False
48,repeat_last,0.7754854368932039,0.7402912621359223,610,0.4162798370944438,False
49,repeat_last,0.8143203883495146,0.7233009708737864,596,0.6665198595841199,False
50,recent100,0.75,0.720873786407767,594,0.6991652543184983,False
51,recent100,0.7572815533980582,0.7354368932038835,606,0.48880532163061946,False
52,ewma,0.7536407766990292,0.7160194174757282,590,0.7597057860482179,False
53,historical,0.7827669902912622,0.6808252427184466,561,0.9790585656639875,False
54,fixed_1_6,0.7851941747572816,0.7354368932038835,606,0.48880532163061946,False
55,recent20,0.7669902912621359,0.7597087378640777,626,0.17237005601348904,False
56,repeat_last,0.7524271844660194,0.7487864077669902,617,0.2972620413105247,False
57,recent50,0.7730582524271845,0.7730582524271845,637,0.07365931597746934,False
58,recent100,0.787621359223301,0.7220873786407767,595,0.6830206541663417,False
59,ewma,0.8058252427184466,0.7245145631067961,597,0.6496904049125702,False
60,ewma,0.7949029126213593,0.7293689320388349,601,0.5797013408847131,False
61,exclude_last,0.7512135922330098,0.7766990291262136,640,0.05630341180044239,False
62,cold_gap,0.7912621359223301,0.7888349514563107,650,0.020428786458272848,True
63,historical,0.7851941747572816,0.7742718446601942,638,0.06746939964998626,False
64,recent50,0.7936893203883495,0.7111650485436893,586,0.8129209871859224,False
65,fixed_1_6,0.7924757281553398,0.7657766990291263,631,0.12019050963371014,False
66,recent20,0.7706310679611651,0.7463592233009708,615,0.3297462616248388,False
67,recent100,0.7912621359223301,0.720873786407767,594,0.6991652543184983,False
68,fixed_1_6,0.7779126213592233,0.7366504854368932,607,0.47054362663143273,False
69,recent50,0.7633495145631068,0.7524271844660194,620,0.25149009712395237,False
70,cold_gap,0.7851941747572816,0.7220873786407767,595,0.6830206541663417,False
71,historical,0.7864077669902912,0.7038834951456311,580,0.8777362399752886,False
72,cold_gap,0.7973300970873787,0.7184466019417476,592,0.7302862119135235,False
73,repeat_last,0.7487864077669902,0.720873786407767,594,0.6991652543184983,False
74,exclude_last,0.7645631067961165,0.7257281553398058,598,0.6325617661226961,False
75,cold_gap,0.7936893203883495,0.7378640776699029,608,0.4523436802930008,False
76,recent100,0.7657766990291263,0.7427184466019418,612,0.3809077895376133,False
77,recent100,0.7669902912621359,0.7475728155339806,616,0.3133231039979236,False
78,cold_gap,0.7536407766990292,0.720873786407767,594,0.6991652543184983,False
79,cold_gap,0.7439320388349514,0.7560679611650486,623,0.2097397920498521,False
80,recent50,0.7682038834951457,0.7682038834951457,633,0.10280799780698574,False
81,repeat_last,0.7657766990291263,0.7366504854368932,607,0.47054362663143273,False
82,exclude_last,0.808252427184466,0.7451456310679612,614,0.34650443451839497,False
83,fixed_1_6,0.7512135922330098,0.7390776699029126,609,0.4342433395169152,False
84,recent20,0.758495145631068,0.7815533980582524,644,0.03836860397598392,True
85,exclude_last,0.7645631067961165,0.7427184466019418,612,0.3809077895376133,False
86,cold_gap,0.7803398058252428,0.7342233009708737,605,0.5070905203342269,False
87,cold_gap,0.7827669902912622,0.7342233009708737,605,0.5070905203342269,False
88,historical,0.7730582524271845,0.6929611650485437,571,0.9425209637805891,False
89,recent100,0.7487864077669902,0.6953883495145631,573,0.9311772565970722,False
90,repeat_last,0.758495145631068,0.6759708737864077,557,0.9867238580750535,False
91,recent20,0.7657766990291263,0.683252427184466,563,0.9739921918806832,False
92,fixed_1_6,0.7961165048543689,0.7257281553398058,598,0.6325617661226961,False
93,recent100,0.8033980582524272,0.7657766990291263,631,0.12019050963371014,False
94,repeat_last,0.7572815533980582,0.808252427184466,666,0.0027314207895505664,True
95,recent100,0.7754854368932039,0.6796116504854369,560,0.9812611111767664,False
96,ewma,0.8009708737864077,0.7014563106796117,578,0.895337242477618,False
97,recent20,0.7597087378640777,0.7245145631067961,597,0.6496904049125702,False
98,recent50,0.787621359223301,0.7366504854368932,607,0.47054362663143273,False
99,recent20,0.7864077669902912,0.7864077669902912,648,0.025392334713058615,True
100,repeat_last,0.7427184466019418,0.7099514563106796,585,0.8249900120461768,False
101,ewma,0.7949029126213593,0.7196601941747572,593,0.7149281989699228,False
102,historical,0.7633495145631068,0.7184466019417476,592,0.7302862119135235,False
103,repeat_last,0.7451456310679612,0.712378640776699,587,0.8003502382496974,False
104,exclude_last,0.7536407766990292,0.7512135922330098,619,0.2663239119791186,False
105,recent50,0.758495145631068,0.7366504854368932,607,0.47054362663143273,False
106,repeat_last,0.7718446601941747,0.7245145631067961,597,0.6496904049125702,False
107,cold_gap,0.787621359223301,0.7148058252427184,589,0.7737324306823015,False
108,ewma,0.758495145631068,0.7281553398058253,600,0.5975336261150406,False
109,recent100,0.7669902912621359,0.7718446601941747,636,0.0802742742832589,False
110,repeat_last,0.7597087378640777,0.7233009708737864,596,0.6665198595841199,False
111,exclude_last,0.7718446601941747,0.7475728155339806,616,0.3133231039979236,False
112,recent100,0.7779126213592233,0.7257281553398058,598,0.6325617661226961,False
113,fixed_1_6,0.7657766990291263,0.75,618,0.28158805313955937,False
114,historical,0.7718446601941747,0.7512135922330098,619,0.2663239119791186,False
115,recent20,0.7597087378640777,0.7597087378640777,626,0.17237005601348904,False
116,recent20,0.7779126213592233,0.7439320388349514,613,0.3635685701246699,False
117,cold_gap,0.7682038834951457,0.7645631067961165,630,0.12961854403261824,False
118,prespecified_full_linear,0.7682038834951457,0.7342233009708737,605,0.5070905203342269,False
119,fixed_1_6,0.7657766990291263,0.7694174757281553,634,0.09483576746811007,False
120,repeat_last,0.787621359223301,0.7293689320388349,601,0.5797013408847131,False
121,ewma,0.7839805825242718,0.7669902912621359,632,0.11125636257450994,False
122,recent50,0.7463592233009708,0.7754854368932039,639,0.061689369986829744,False
123,fixed_1_6,0.7597087378640777,0.7706310679611651,635,0.08732862529121244,False
124,cold_gap,0.7888349514563107,0.7390776699029126,609,0.4342433395169152,False
125,fixed_1_6,0.7402912621359223,0.7487864077669902,617,0.2972620413105247,False
126,exclude_last,0.7827669902912622,0.7475728155339806,616,0.3133231039979236,False
127,recent20,0.7657766990291263,0.6844660194174758,564,0.971096961962668,False
128,repeat_last,0.7609223300970874,0.7779126213592233,641,0.05129519052093906,False
129,recent50,0.7633495145631068,0.7330097087378641,604,0.525360829848416,False
130,prespecified_full_linear,0.7572815533980582,0.7087378640776699,584,0.8365530202164848,False
131,historical,0.7936893203883495,0.7572815533980582,624,0.19678438713652951,False
132,repeat_last,0.7827669902912622,0.7111650485436893,586,0.8129209871859224,False
133,cold_gap,0.7997572815533981,0.6941747572815534,572,0.9370479461639363,False
134,recent50,0.7669902912621359,0.7766990291262136,640,0.05630341180044239,False
135,repeat_last,0.7487864077669902,0.779126213592233,642,0.046647987322873403,True
136,recent50,0.7657766990291263,0.7281553398058253,600,0.5975336261150406,False
137,recent50,0.7597087378640777,0.7524271844660194,620,0.25149009712395237,False
138,recent100,0.7961165048543689,0.6844660194174758,564,0.971096961962668,False
139,repeat_last,0.7560679611650486,0.7475728155339806,616,0.3133231039979236,False
140,prespecified_full_linear,0.7888349514563107,0.741504854368932,611,0.3984895521639562,False
141,exclude_last,0.7597087378640777,0.7184466019417476,592,0.7302862119135235,False
142,fixed_1_6,0.7682038834951457,0.7087378640776699,584,0.8365530202164848,False
143,recent100,0.7803398058252428,0.7427184466019418,612,0.3809077895376133,False
144,repeat_last,0.7633495145631068,0.7111650485436893,586,0.8129209871859224,False
145,historical,0.7815533980582524,0.7597087378640777,626,0.17237005601348904,False
146,exclude_last,0.7779126213592233,0.7827669902912622,645,0.03470218703781948,True
147,ewma,0.7766990291262136,0.758495145631068,625,0.18432577747804996,False
148,recent20,0.7439320388349514,0.7572815533980582,624,0.19678438713652951,False
149,recent20,0.7645631067961165,0.7257281553398058,598,0.6325617661226961,False
150,historical,0.7609223300970874,0.6881067961165048,567,0.9607663500543601,False
151,fixed_1_6,0.7633495145631068,0.7633495145631068,629,0.13954688860799924,False
152,recent50,0.7645631067961165,0.7050970873786407,581,0.8681963876936509,False
153,recent50,0.7512135922330098,0.7063106796116505,582,0.8581550282525336,False
154,recent20,0.7609223300970874,0.7475728155339806,616,0.3133231039979236,False
155,cold_gap,0.7803398058252428,0.7172330097087378,591,0.7452182926492441,False
156,ewma,0.7851941747572816,0.7342233009708737,605,0.5070905203342269,False
157,recent20,0.7609223300970874,0.7560679611650486,623,0.2097397920498521,False
158,historical,0.7390776699029126,0.6978155339805825,575,0.9181808358447294,False
159,recent100,0.7487864077669902,0.741504854368932,611,0.3984895521639562,False
160,historical,0.7597087378640777,0.7366504854368932,607,0.47054362663143273,False
161,fixed_1_6,0.7427184466019418,0.7718446601941747,636,0.0802742742832589,False
162,exclude_last,0.758495145631068,0.7694174757281553,634,0.09483576746811007,False
163,ewma,0.7633495145631068,0.720873786407767,594,0.6991652543184983,False
164,repeat_last,0.758495145631068,0.7779126213592233,641,0.05129519052093906,False
165,repeat_last,0.7609223300970874,0.7050970873786407,581,0.8681963876936509,False
166,ewma,0.7936893203883495,0.720873786407767,594,0.6991652543184983,False
167,recent100,0.7439320388349514,0.7912621359223301,652,0.016313230938131695,True
168,exclude_last,0.7973300970873787,0.7330097087378641,604,0.525360829848416,False
169,recent20,0.7803398058252428,0.7269417475728155,599,0.6151652101037901,False
170,ewma,0.7900485436893204,0.7536407766990292,621,0.2371047297908644,False
171,repeat_last,0.7779126213592233,0.7597087378640777,626,0.17237005601348904,False
172,ewma,0.7924757281553398,0.7694174757281553,634,0.09483576746811007,False
173,repeat_last,0.7706310679611651,0.7597087378640777,626,0.17237005601348904,False
174,historical,0.7961165048543689,0.7754854368932039,639,0.061689369986829744,False
175,exclude_last,0.7779126213592233,0.683252427184466,563,0.9739921918806832,False
176,cold_gap,0.7815533980582524,0.7815533980582524,644,0.03836860397598392,True
177,recent50,0.7742718446601942,0.75,618,0.28158805313955937,False
178,exclude_last,0.7706310679611651,0.6990291262135923,576,0.9110259673607168,False
179,historical,0.7621359223300971,0.7233009708737864,596,0.6665198595841199,False
180,fixed_1_6,0.8058252427184466,0.7354368932038835,606,0.48880532163061946,False
181,recent100,0.7463592233009708,0.741504854368932,611,0.3984895521639562,False
182,cold_gap,0.7609223300970874,0.7245145631067961,597,0.6496904049125702,False
183,exclude_last,0.7815533980582524,0.7184466019417476,592,0.7302862119135235,False
184,recent100,0.7402912621359223,0.7390776699029126,609,0.4342433395169152,False
185,historical,0.7900485436893204,0.7475728155339806,616,0.3133231039979236,False
186,recent100,0.7645631067961165,0.7330097087378641,604,0.525360829848416,False
187,repeat_last,0.7548543689320388,0.7160194174757282,590,0.7597057860482179,False
188,repeat_last,0.75,0.683252427184466,563,0.9739921918806832,False
189,fixed_1_6,0.75,0.7233009708737864,596,0.6665198595841199,False
190,historical,0.7524271844660194,0.6893203883495146,568,0.9567182244397311,False
191,cold_gap,0.7645631067961165,0.7645631067961165,630,0.12961854403261824,False
192,historical,0.7390776699029126,0.7524271844660194,620,0.25149009712395237,False
193,repeat_last,0.7609223300970874,0.7087378640776699,584,0.8365530202164848,False
194,recent20,0.7645631067961165,0.7148058252427184,589,0.7737324306823015,False
195,fixed_1_6,0.7803398058252428,0.7342233009708737,605,0.5070905203342269,False
196,prespecified_full_linear,0.7815533980582524,0.7026699029126213,579,0.8867806117934394,False
197,repeat_last,0.7633495145631068,0.7220873786407767,595,0.6830206541663417,False
198,historical,0.7742718446601942,0.6990291262135923,576,0.9110259673607168,False
199,recent100,0.758495145631068,0.7220873786407767,595,0.6830206541663417,False
200,cold_gap,0.7888349514563107,0.691747572815534,570,0.9476125393906026,False
201,exclude_last,0.7779126213592233,0.758495145631068,625,0.18432577747804996,False
202,historical,0.7463592233009708,0.7038834951456311,580,0.8777362399752886,False
203,recent100,0.7706310679611651,0.7330097087378641,604,0.525360829848416,False
204,exclude_last,0.7694174757281553,0.7463592233009708,615,0.3297462616248388,False
205,recent20,0.7949029126213593,0.7184466019417476,592,0.7302862119135235,False
206,exclude_last,0.7997572815533981,0.741504854368932,611,0.3984895521639562,False
207,cold_gap,0.7827669902912622,0.7961165048543689,656,0.01017029377236454,True
208,cold_gap,0.7864077669902912,0.7160194174757282,590,0.7597057860482179,False
209,recent100,0.7572815533980582,0.6844660194174758,564,0.971096961962668,False
210,cold_gap,0.758495145631068,0.7572815533980582,624,0.19678438713652951,False
211,recent100,0.7985436893203883,0.7827669902912622,645,0.03470218703781948,True
212,historical,0.7839805825242718,0.7317961165048543,603,0.5435779510099145,False
213,ewma,0.7839805825242718,0.6735436893203883,555,0.9895480313898409,False
214,recent100,0.7839805825242718,0.7111650485436893,586,0.8129209871859224,False
215,recent100,0.7657766990291263,0.7184466019417476,592,0.7302862119135235,False
216,historical,0.7378640776699029,0.7050970873786407,581,0.8681963876936509,False
217,cold_gap,0.7694174757281553,0.6820388349514563,562,0.9766407492286588,False
218,prespecified_full_linear,0.7694174757281553,0.7014563106796117,578,0.895337242477618,False
219,repeat_last,0.7645631067961165,0.7281553398058253,600,0.5975336261150406,False
220,repeat_last,0.7803398058252428,0.7099514563106796,585,0.8249900120461768,False
221,recent20,0.7754854368932039,0.7536407766990292,621,0.2371047297908644,False
222,prespecified_full_linear,0.7924757281553398,0.7026699029126213,579,0.8867806117934394,False
223,exclude_last,0.7694174757281553,0.7451456310679612,614,0.34650443451839497,False
224,recent20,0.7694174757281553,0.7002427184466019,577,0.9034154459649429,False
225,fixed_1_6,0.7487864077669902,0.7657766990291263,631,0.12019050963371014,False
226,prespecified_full_linear,0.7597087378640777,0.7269417475728155,599,0.6151652101037901,False
227,recent100,0.7766990291262136,0.7063106796116505,582,0.8581550282525336,False
228,exclude_last,0.7597087378640777,0.6905339805825242,569,0.9523393170070952,False
229,historical,0.7524271844660194,0.7378640776699029,608,0.4523436802930008,False
230,fixed_1_6,0.7779126213592233,0.7014563106796117,578,0.895337242477618,False
231,cold_gap,0.7633495145631068,0.7293689320388349,601,0.5797013408847131,False
232,recent20,0.7718446601941747,0.6929611650485437,571,0.9425209637805891,False
233,prespecified_full_linear,0.7827669902912622,0.7475728155339806,616,0.3133231039979236,False
234,historical,0.7694174757281553,0.779126213592233,642,0.046647987322873403,True
235,cold_gap,0.7597087378640777,0.741504854368932,611,0.3984895521639562,False
236,ewma,0.7803398058252428,0.7633495145631068,629,0.13954688860799924,False
237,repeat_last,0.7766990291262136,0.7317961165048543,603,0.5435779510099145,False
238,historical,0.7766990291262136,0.7560679611650486,623,0.2097397920498521,False
239,repeat_last,0.7366504854368932,0.7524271844660194,620,0.25149009712395237,False
240,historical,0.7451456310679612,0.7609223300970874,627,0.16092100159564854,False
241,recent100,0.7560679611650486,0.6990291262135923,576,0.9110259673607168,False
242,fixed_1_6,0.7597087378640777,0.7196601941747572,593,0.7149281989699228,False
243,cold_gap,0.8070388349514563,0.7451456310679612,614,0.34650443451839497,False
244,repeat_last,0.7572815533980582,0.7378640776699029,608,0.4523436802930008,False
245,exclude_last,0.7936893203883495,0.7220873786407767,595,0.6830206541663417,False
246,repeat_last,0.7973300970873787,0.7560679611650486,623,0.2097397920498521,False
247,fixed_1_6,0.7512135922330098,0.7597087378640777,626,0.17237005601348904,False
248,recent50,0.7524271844660194,0.7463592233009708,615,0.3297462616248388,False
249,recent20,0.7645631067961165,0.7487864077669902,617,0.2972620413105247,False
250,exclude_last,0.7657766990291263,0.7985436893203883,658,0.007939540693398622,True
251,recent100,0.7900485436893204,0.7779126213592233,641,0.05129519052093906,False
252,fixed_1_6,0.7669902912621359,0.741504854368932,611,0.3984895521639562,False
253,exclude_last,0.7754854368932039,0.6711165048543689,553,0.9918335995609247,False
254,prespecified_full_linear,0.7524271844660194,0.7342233009708737,605,0.5070905203342269,False
255,cold_gap,0.7524271844660194,0.7233009708737864,596,0.6665198595841199,False
256,ewma,0.7609223300970874,0.6868932038834952,566,0.964500827299584,False
257,historical,0.7597087378640777,0.7330097087378641,604,0.525360829848416,False
258,recent50,0.8046116504854369,0.7378640776699029,608,0.4523436802930008,False
259,fixed_1_6,0.779126213592233,0.7621359223300971,628,0.14998015138892434,False
260,exclude_last,0.7730582524271845,0.7609223300970874,627,0.16092100159564854,False
261,recent100,0.7766990291262136,0.787621359223301,649,0.022796947651367055,True
262,historical,0.7851941747572816,0.720873786407767,594,0.6991652543184983,False
263,cold_gap,0.7475728155339806,0.7390776699029126,609,0.4342433395169152,False
264,recent100,0.7827669902912622,0.7233009708737864,596,0.6665198595841199,False
265,ewma,0.7560679611650486,0.7196601941747572,593,0.7149281989699228,False
266,exclude_last,0.7754854368932039,0.7560679611650486,623,0.2097397920498521,False
267,repeat_last,0.7512135922330098,0.7864077669902912,648,0.025392334713058615,True
268,ewma,0.7730582524271845,0.7463592233009708,615,0.3297462616248388,False
269,recent100,0.7779126213592233,0.7354368932038835,606,0.48880532163061946,False
270,fixed_1_6,0.7572815533980582,0.7512135922330098,619,0.2663239119791186,False
271,cold_gap,0.7766990291262136,0.7645631067961165,630,0.12961854403261824,False
272,recent100,0.7864077669902912,0.7014563106796117,578,0.895337242477618,False
273,repeat_last,0.7633495145631068,0.7475728155339806,616,0.3133231039979236,False
274,recent100,0.7463592233009708,0.7402912621359223,610,0.4162798370944438,False
275,cold_gap,0.7766990291262136,0.7233009708737864,596,0.6665198595841199,False
276,prespecified_full_linear,0.7621359223300971,0.7354368932038835,606,0.48880532163061946,False
277,historical,0.7669902912621359,0.7949029126213593,655,0.01147798755500948,True
278,ewma,0.7633495145631068,0.7269417475728155,599,0.6151652101037901,False
279,recent20,0.7985436893203883,0.7451456310679612,614,0.34650443451839497,False
280,historical,0.7536407766990292,0.7317961165048543,603,0.5435779510099145,False
281,recent20,0.7827669902912622,0.7087378640776699,584,0.8365530202164848,False
282,repeat_last,0.7851941747572816,0.7305825242718447,602,0.5617039190713526,False
283,repeat_last,0.7851941747572816,0.741504854368932,611,0.3984895521639562,False
284,prespecified_full_linear,0.7694174757281553,0.7354368932038835,606,0.48880532163061946,False
285,recent100,0.7633495145631068,0.7354368932038835,606,0.48880532163061946,False
286,prespecified_full_linear,0.787621359223301,0.7815533980582524,644,0.03836860397598392,True
287,exclude_last,0.7609223300970874,0.7390776699029126,609,0.4342433395169152,False
288,ewma,0.7706310679611651,0.7366504854368932,607,0.47054362663143273,False
289,historical,0.7342233009708737,0.758495145631068,625,0.18432577747804996,False
290,ewma,0.787621359223301,0.758495145631068,625,0.18432577747804996,False
291,repeat_last,0.7669902912621359,0.7305825242718447,602,0.5617039190713526,False
292,historical,0.7669902912621359,0.8240291262135923,679,0.0003700208825304794,True
293,repeat_last,0.7451456310679612,0.6966019417475728,574,0.9248932156289063,False
294,repeat_last,0.7669902912621359,0.7706310679611651,635,0.08732862529121244,False
295,recent100,0.8021844660194175,0.7475728155339806,616,0.3133231039979236,False
296,cold_gap,0.7536407766990292,0.7160194174757282,590,0.7597057860482179,False
297,fixed_1_6,0.7803398058252428,0.6808252427184466,561,0.9790585656639875,False
298,recent50,0.7851941747572816,0.7354368932038835,606,0.48880532163061946,False
299,exclude_last,0.7560679611650486,0.7463592233009708,615,0.3297462616248388,False
300,repeat_last,0.8106796116504854,0.7997572815533981,659,0.006994965909621047,True
301,historical,0.787621359223301,0.6941747572815534,572,0.9370479461639363,False
302,historical,0.7742718446601942,0.7317961165048543,603,0.5435779510099145,False
303,cold_gap,0.7682038834951457,0.712378640776699,587,0.8003502382496974,False
304,fixed_1_6,0.7900485436893204,0.7305825242718447,602,0.5617039190713526,False
305,cold_gap,0.7864077669902912,0.7075242718446602,583,0.8476079784124912,False
306,cold_gap,0.758495145631068,0.7742718446601942,638,0.06746939964998626,False
307,recent20,0.7754854368932039,0.7293689320388349,601,0.5797013408847131,False
308,repeat_last,0.7936893203883495,0.7402912621359223,610,0.4162798370944438,False
309,recent50,0.7669902912621359,0.7730582524271845,637,0.07365931597746934,False
310,fixed_1_6,0.7621359223300971,0.7839805825242718,646,0.031328533425804585,True
311,cold_gap,0.7754854368932039,0.7233009708737864,596,0.6665198595841199,False
312,cold_gap,0.8058252427184466,0.7038834951456311,580,0.8777362399752886,False
313,repeat_last,0.7730582524271845,0.7366504854368932,607,0.47054362663143273,False
314,recent100,0.7779126213592233,0.7609223300970874,627,0.16092100159564854,False
315,fixed_1_6,0.7900485436893204,0.7402912621359223,610,0.4162798370944438,False
316,cold_gap,0.7597087378640777,0.7378640776699029,608,0.4523436802930008,False
317,exclude_last,0.7827669902912622,0.7888349514563107,650,0.020428786458272848,True
318,exclude_last,0.741504854368932,0.7621359223300971,628,0.14998015138892434,False
319,prespecified_full_linear,0.7572815533980582,0.7196601941747572,593,0.7149281989699228,False
320,historical,0.7779126213592233,0.758495145631068,625,0.18432577747804996,False
321,recent50,0.7718446601941747,0.7609223300970874,627,0.16092100159564854,False
322,fixed_1_6,0.7779126213592233,0.7851941747572816,647,0.02823078068393146,True
323,historical,0.7682038834951457,0.7475728155339806,616,0.3133231039979236,False
324,fixed_1_6,0.779126213592233,0.6565533980582524,541,0.9984186144103103,False
325,exclude_last,0.7936893203883495,0.7305825242718447,602,0.5617039190713526,False
326,recent50,0.8009708737864077,0.7038834951456311,580,0.8777362399752886,False
327,historical,0.7766990291262136,0.75,618,0.28158805313955937,False
328,exclude_last,0.7463592233009708,0.7463592233009708,615,0.3297462616248388,False
329,cold_gap,0.7706310679611651,0.7536407766990292,621,0.2371047297908644,False
330,fixed_1_6,0.7645631067961165,0.7402912621359223,610,0.4162798370944438,False
331,repeat_last,0.75,0.7354368932038835,606,0.48880532163061946,False
332,exclude_last,0.7378640776699029,0.7463592233009708,615,0.3297462616248388,False
333,recent100,0.7706310679611651,0.7390776699029126,609,0.4342433395169152,False
334,ewma,0.7597087378640777,0.7196601941747572,593,0.7149281989699228,False
335,cold_gap,0.7524271844660194,0.720873786407767,594,0.6991652543184983,False
336,cold_gap,0.7766990291262136,0.7160194174757282,590,0.7597057860482179,False
337,repeat_last,0.7766990291262136,0.6978155339805825,575,0.9181808358447294,False
338,repeat_last,0.8058252427184466,0.7099514563106796,585,0.8249900120461768,False
339,recent20,0.7669902912621359,0.7779126213592233,641,0.05129519052093906,False
340,repeat_last,0.7572815533980582,0.7281553398058253,600,0.5975336261150406,False
341,recent20,0.7669902912621359,0.6953883495145631,573,0.9311772565970722,False
342,historical,0.7560679611650486,0.7220873786407767,595,0.6830206541663417,False
343,historical,0.7730582524271845,0.7063106796116505,582,0.8581550282525336,False
344,ewma,0.7682038834951457,0.7390776699029126,609,0.4342433395169152,False
345,exclude_last,0.7694174757281553,0.7827669902912622,645,0.03470218703781948,True
346,cold_gap,0.7512135922330098,0.7949029126213593,655,0.01147798755500948,True
347,repeat_last,0.7718446601941747,0.6941747572815534,572,0.9370479461639363,False
348,cold_gap,0.7961165048543689,0.6881067961165048,567,0.9607663500543601,False
349,historical,0.8094660194174758,0.7548543689320388,622,0.22318352957237225,False
350,recent100,0.7609223300970874,0.7487864077669902,617,0.2972620413105247,False
351,recent100,0.7900485436893204,0.7366504854368932,607,0.47054362663143273,False
352,recent100,0.7754854368932039,0.7633495145631068,629,0.13954688860799924,False
353,exclude_last,0.7985436893203883,0.7305825242718447,602,0.5617039190713526,False
354,cold_gap,0.7548543689320388,0.691747572815534,570,0.9476125393906026,False
355,recent100,0.7560679611650486,0.7135922330097088,588,0.7872843859325471,False
356,repeat_last,0.787621359223301,0.7451456310679612,614,0.34650443451839497,False
357,historical,0.7742718446601942,0.7487864077669902,617,0.2972620413105247,False
358,historical,0.7609223300970874,0.7220873786407767,595,0.6830206541663417,False
359,historical,0.7682038834951457,0.7427184466019418,612,0.3809077895376133,False
360,recent20,0.7766990291262136,0.7148058252427184,589,0.7737324306823015,False
361,fixed_1_6,0.7572815533980582,0.7342233009708737,605,0.5070905203342269,False
362,cold_gap,0.7742718446601942,0.7682038834951457,633,0.10280799780698574,False
363,recent20,0.7572815533980582,0.7815533980582524,644,0.03836860397598392,True
364,exclude_last,0.7475728155339806,0.7475728155339806,616,0.3133231039979236,False
365,cold_gap,0.7597087378640777,0.7803398058252428,643,0.042344827891062045,True
366,exclude_last,0.7864077669902912,0.7694174757281553,634,0.09483576746811007,False
367,prespecified_full_linear,0.7730582524271845,0.7087378640776699,584,0.8365530202164848,False
368,cold_gap,0.7487864077669902,0.7038834951456311,580,0.8777362399752886,False
369,repeat_last,0.787621359223301,0.720873786407767,594,0.6991652543184983,False
370,recent50,0.7730582524271845,0.7487864077669902,617,0.2972620413105247,False
371,repeat_last,0.7633495145631068,0.7075242718446602,583,0.8476079784124912,False
372,cold_gap,0.7900485436893204,0.7317961165048543,603,0.5435779510099145,False
373,historical,0.7827669902912622,0.7063106796116505,582,0.8581550282525336,False
374,recent100,0.7718446601941747,0.712378640776699,587,0.8003502382496974,False
375,repeat_last,0.7342233009708737,0.7657766990291263,631,0.12019050963371014,False
376,recent50,0.7766990291262136,0.7087378640776699,584,0.8365530202164848,False
377,cold_gap,0.7548543689320388,0.7366504854368932,607,0.47054362663143273,False
378,exclude_last,0.7864077669902912,0.741504854368932,611,0.3984895521639562,False
379,cold_gap,0.7682038834951457,0.758495145631068,625,0.18432577747804996,False
380,exclude_last,0.7560679611650486,0.7305825242718447,602,0.5617039190713526,False
381,historical,0.7548543689320388,0.7815533980582524,644,0.03836860397598392,True
382,ewma,0.7645631067961165,0.787621359223301,649,0.022796947651367055,True
383,recent20,0.7718446601941747,0.7682038834951457,633,0.10280799780698574,False
384,ewma,0.7730582524271845,0.758495145631068,625,0.18432577747804996,False
385,cold_gap,0.7949029126213593,0.7014563106796117,578,0.895337242477618,False
386,fixed_1_6,0.7730582524271845,0.7257281553398058,598,0.6325617661226961,False
387,historical,0.7779126213592233,0.7609223300970874,627,0.16092100159564854,False
388,repeat_last,0.7888349514563107,0.7463592233009708,615,0.3297462616248388,False
389,exclude_last,0.7912621359223301,0.712378640776699,587,0.8003502382496974,False
390,cold_gap,0.7718446601941747,0.7148058252427184,589,0.7737324306823015,False
391,ewma,0.7754854368932039,0.7135922330097088,588,0.7872843859325471,False
392,cold_gap,0.7912621359223301,0.7621359223300971,628,0.14998015138892434,False
393,historical,0.7548543689320388,0.6808252427184466,561,0.9790585656639875,False
394,ewma,0.7475728155339806,0.7572815533980582,624,0.19678438713652951,False
395,fixed_1_6,0.7803398058252428,0.758495145631068,625,0.18432577747804996,False
396,fixed_1_6,0.7487864077669902,0.7196601941747572,593,0.7149281989699228,False
397,recent20,0.7475728155339806,0.7475728155339806,616,0.3133231039979236,False
398,cold_gap,0.7682038834951457,0.7487864077669902,617,0.2972620413105247,False
399,cold_gap,0.7803398058252428,0.75,618,0.28158805313955937,False
400,cold_gap,0.7754854368932039,0.7014563106796117,578,0.895337242477618,False
401,cold_gap,0.7682038834951457,0.741504854368932,611,0.3984895521639562,False
402,recent50,0.7694174757281553,0.7233009708737864,596,0.6665198595841199,False
403,fixed_1_6,0.7524271844660194,0.7293689320388349,601,0.5797013408847131,False
404,recent100,0.7645631067961165,0.7451456310679612,614,0.34650443451839497,False
405,fixed_1_6,0.787621359223301,0.7172330097087378,591,0.7452182926492441,False
406,fixed_1_6,0.7560679611650486,0.7475728155339806,616,0.3133231039979236,False
407,recent20,0.7985436893203883,0.720873786407767,594,0.6991652543184983,False
408,cold_gap,0.7766990291262136,0.8191747572815534,675,0.0007090466353029671,True
409,exclude_last,0.7742718446601942,0.8046116504854369,663,0.004134585920842519,True
410,recent20,0.7973300970873787,0.7196601941747572,593,0.7149281989699228,False
411,fixed_1_6,0.7548543689320388,0.7220873786407767,595,0.6830206541663417,False
412,repeat_last,0.7597087378640777,0.7378640776699029,608,0.4523436802930008,False
413,recent50,0.7597087378640777,0.7487864077669902,617,0.2972620413105247,False
414,repeat_last,0.7997572815533981,0.7572815533980582,624,0.19678438713652951,False
415,ewma,0.7633495145631068,0.6990291262135923,576,0.9110259673607168,False
416,recent100,0.7427184466019418,0.7257281553398058,598,0.6325617661226961,False
417,ewma,0.7949029126213593,0.6953883495145631,573,0.9311772565970722,False
418,cold_gap,0.7621359223300971,0.7463592233009708,615,0.3297462616248388,False
419,cold_gap,0.7949029126213593,0.75,618,0.28158805313955937,False
420,cold_gap,0.7572815533980582,0.7111650485436893,586,0.8129209871859224,False
421,repeat_last,0.8058252427184466,0.6953883495145631,573,0.9311772565970722,False
422,prespecified_full_linear,0.7657766990291263,0.7342233009708737,605,0.5070905203342269,False
423,cold_gap,0.7536407766990292,0.7463592233009708,615,0.3297462616248388,False
424,cold_gap,0.75,0.7087378640776699,584,0.8365530202164848,False
425,repeat_last,0.7487864077669902,0.7293689320388349,601,0.5797013408847131,False
426,recent100,0.7754854368932039,0.6953883495145631,573,0.9311772565970722,False
427,cold_gap,0.7888349514563107,0.6820388349514563,562,0.9766407492286588,False
428,recent20,0.7730582524271845,0.7536407766990292,621,0.2371047297908644,False
429,ewma,0.787621359223301,0.7645631067961165,630,0.12961854403261824,False
430,recent50,0.7572815533980582,0.720873786407767,594,0.6991652543184983,False
431,exclude_last,0.7487864077669902,0.7390776699029126,609,0.4342433395169152,False
432,historical,0.7694174757281553,0.7402912621359223,610,0.4162798370944438,False
433,cold_gap,0.7621359223300971,0.7512135922330098,619,0.2663239119791186,False
434,fixed_1_6,0.7803398058252428,0.7354368932038835,606,0.48880532163061946,False
435,fixed_1_6,0.7997572815533981,0.7111650485436893,586,0.8129209871859224,False
436,repeat_last,0.7730582524271845,0.7135922330097088,588,0.7872843859325471,False
437,cold_gap,0.7815533980582524,0.7184466019417476,592,0.7302862119135235,False
438,recent20,0.7730582524271845,0.7597087378640777,626,0.17237005601348904,False
439,cold_gap,0.7657766990291263,0.7645631067961165,630,0.12961854403261824,False
440,exclude_last,0.7888349514563107,0.7451456310679612,614,0.34650443451839497,False
441,recent100,0.7657766990291263,0.7135922330097088,588,0.7872843859325471,False
442,recent20,0.7669902912621359,0.7597087378640777,626,0.17237005601348904,False
443,cold_gap,0.7439320388349514,0.7597087378640777,626,0.17237005601348904,False
444,cold_gap,0.7997572815533981,0.7366504854368932,607,0.47054362663143273,False
445,recent100,0.7536407766990292,0.7463592233009708,615,0.3297462616248388,False
446,recent100,0.7669902912621359,0.7245145631067961,597,0.6496904049125702,False
447,exclude_last,0.8058252427184466,0.7184466019417476,592,0.7302862119135235,False
448,cold_gap,0.7742718446601942,0.7524271844660194,620,0.25149009712395237,False
449,cold_gap,0.75,0.6929611650485437,571,0.9425209637805891,False
450,ewma,0.7803398058252428,0.7014563106796117,578,0.895337242477618,False
451,repeat_last,0.7827669902912622,0.7742718446601942,638,0.06746939964998626,False
452,cold_gap,0.7609223300970874,0.7148058252427184,589,0.7737324306823015,False
453,historical,0.7815533980582524,0.6990291262135923,576,0.9110259673607168,False
454,prespecified_full_linear,0.7730582524271845,0.7160194174757282,590,0.7597057860482179,False
455,recent50,0.7463592233009708,0.7220873786407767,595,0.6830206541663417,False
456,cold_gap,0.7766990291262136,0.7233009708737864,596,0.6665198595841199,False
457,historical,0.7475728155339806,0.7827669902912622,645,0.03470218703781948,True
458,historical,0.7657766990291263,0.6589805825242718,543,0.9978803303723736,False
459,cold_gap,0.7754854368932039,0.7233009708737864,596,0.6665198595841199,False
460,recent50,0.8143203883495146,0.7160194174757282,590,0.7597057860482179,False
461,repeat_last,0.758495145631068,0.7366504854368932,607,0.47054362663143273,False
462,fixed_1_6,0.7718446601941747,0.7111650485436893,586,0.8129209871859224,False
463,cold_gap,0.7718446601941747,0.7014563106796117,578,0.895337242477618,False
464,recent20,0.7851941747572816,0.7439320388349514,613,0.3635685701246699,False
465,cold_gap,0.8033980582524272,0.7839805825242718,646,0.031328533425804585,True
466,recent100,0.7657766990291263,0.7342233009708737,605,0.5070905203342269,False
467,ewma,0.7888349514563107,0.7560679611650486,623,0.2097397920498521,False
468,cold_gap,0.7597087378640777,0.7257281553398058,598,0.6325617661226961,False
469,ewma,0.7997572815533981,0.7111650485436893,586,0.8129209871859224,False
470,recent50,0.7427184466019418,0.7087378640776699,584,0.8365530202164848,False
471,exclude_last,0.7597087378640777,0.6990291262135923,576,0.9110259673607168,False
472,prespecified_full_linear,0.779126213592233,0.7196601941747572,593,0.7149281989699228,False
473,fixed_1_6,0.7706310679611651,0.7317961165048543,603,0.5435779510099145,False
474,prespecified_full_linear,0.7851941747572816,0.7184466019417476,592,0.7302862119135235,False
475,ewma,0.7985436893203883,0.7317961165048543,603,0.5435779510099145,False
476,repeat_last,0.8021844660194175,0.7330097087378641,604,0.525360829848416,False
477,historical,0.7645631067961165,0.7572815533980582,624,0.19678438713652951,False
478,prespecified_full_linear,0.7754854368932039,0.7633495145631068,629,0.13954688860799924,False
479,recent100,0.7827669902912622,0.7305825242718447,602,0.5617039190713526,False
480,prespecified_full_linear,0.7827669902912622,0.7572815533980582,624,0.19678438713652951,False
481,ewma,0.7621359223300971,0.7366504854368932,607,0.47054362663143273,False
482,historical,0.7754854368932039,0.7196601941747572,593,0.7149281989699228,False
483,exclude_last,0.7548543689320388,0.7669902912621359,632,0.11125636257450994,False
484,recent50,0.7427184466019418,0.7184466019417476,592,0.7302862119135235,False
485,recent100,0.7524271844660194,0.7220873786407767,595,0.6830206541663417,False
486,cold_gap,0.7378640776699029,0.7075242718446602,583,0.8476079784124912,False
487,ewma,0.7742718446601942,0.7463592233009708,615,0.3297462616248388,False
488,repeat_last,0.7669902912621359,0.75,618,0.28158805313955937,False
489,exclude_last,0.787621359223301,0.712378640776699,587,0.8003502382496974,False
490,cold_gap,0.7524271844660194,0.7839805825242718,646,0.031328533425804585,True
491,cold_gap,0.758495145631068,0.7730582524271845,637,0.07365931597746934,False
492,cold_gap,0.7706310679611651,0.720873786407767,594,0.6991652543184983,False
493,exclude_last,0.75,0.7463592233009708,615,0.3297462616248388,False
494,exclude_last,0.7645631067961165,0.7451456310679612,614,0.34650443451839497,False
495,prespecified_full_linear,0.7621359223300971,0.7864077669902912,648,0.025392334713058615,True
496,fixed_1_6,0.7524271844660194,0.7427184466019418,612,0.3809077895376133,False
497,fixed_1_6,0.7645631067961165,0.7427184466019418,612,0.3809077895376133,False
498,historical,0.7645631067961165,0.7002427184466019,577,0.9034154459649429,False
499,repeat_last,0.787621359223301,0.6856796116504854,565,0.9679387275865099,False
500,cold_gap,0.7560679611650486,0.7706310679611651,635,0.08732862529121244,False
501,historical,0.758495145631068,0.7063106796116505,582,0.8581550282525336,False
502,exclude_last,0.7475728155339806,0.7682038834951457,633,0.10280799780698574,False
503,exclude_last,0.7560679611650486,0.7475728155339806,616,0.3133231039979236,False
504,cold_gap,0.7378640776699029,0.7548543689320388,622,0.22318352957237225,False
505,repeat_last,0.7803398058252428,0.7669902912621359,632,0.11125636257450994,False
506,ewma,0.7560679611650486,0.7257281553398058,598,0.6325617661226961,False
507,recent100,0.7912621359223301,0.7257281553398058,598,0.6325617661226961,False
508,repeat_last,0.7597087378640777,0.6978155339805825,575,0.9181808358447294,False
509,cold_gap,0.7742718446601942,0.720873786407767,594,0.6991652543184983,False
510,fixed_1_6,0.7645631067961165,0.7597087378640777,626,0.17237005601348904,False
511,prespecified_full_linear,0.7742718446601942,0.7281553398058253,600,0.5975336261150406,False
512,recent20,0.7985436893203883,0.7524271844660194,620,0.25149009712395237,False
513,historical,0.7657766990291263,0.7548543689320388,622,0.22318352957237225,False
514,historical,0.7718446601941747,0.7633495145631068,629,0.13954688860799924,False
515,recent20,0.779126213592233,0.7402912621359223,610,0.4162798370944438,False
516,recent50,0.7839805825242718,0.6747572815533981,556,0.9882091347787224,False
517,historical,0.7645631067961165,0.7378640776699029,608,0.4523436802930008,False
518,prespecified_full_linear,0.8046116504854369,0.7864077669902912,648,0.025392334713058615,True
519,historical,0.7851941747572816,0.7293689320388349,601,0.5797013408847131,False
520,cold_gap,0.7779126213592233,0.7148058252427184,589,0.7737324306823015,False
521,repeat_last,0.7706310679611651,0.7317961165048543,603,0.5435779510099145,False
522,recent50,0.8070388349514563,0.7160194174757282,590,0.7597057860482179,False
523,exclude_last,0.7560679611650486,0.7087378640776699,584,0.8365530202164848,False
524,fixed_1_6,0.7548543689320388,0.6953883495145631,573,0.9311772565970722,False
525,prespecified_full_linear,0.8228155339805825,0.720873786407767,594,0.6991652543184983,False
526,recent50,0.7718446601941747,0.7050970873786407,581,0.8681963876936509,False
527,cold_gap,0.7827669902912622,0.7597087378640777,626,0.17237005601348904,False
528,fixed_1_6,0.7730582524271845,0.7427184466019418,612,0.3809077895376133,False
529,recent50,0.8046116504854369,0.7354368932038835,606,0.48880532163061946,False
530,recent100,0.7633495145631068,0.7330097087378641,604,0.525360829848416,False
531,recent100,0.7803398058252428,0.7281553398058253,600,0.5975336261150406,False
532,historical,0.758495145631068,0.758495145631068,625,0.18432577747804996,False
533,exclude_last,0.741504854368932,0.7378640776699029,608,0.4523436802930008,False
534,ewma,0.7912621359223301,0.7184466019417476,592,0.7302862119135235,False
535,cold_gap,0.7633495145631068,0.7075242718446602,583,0.8476079784124912,False
536,fixed_1_6,0.7742718446601942,0.7293689320388349,601,0.5797013408847131,False
537,exclude_last,0.7633495145631068,0.7354368932038835,606,0.48880532163061946,False
538,repeat_last,0.7754854368932039,0.741504854368932,611,0.3984895521639562,False
539,historical,0.7779126213592233,0.7766990291262136,640,0.05630341180044239,False
540,recent20,0.7949029126213593,0.7354368932038835,606,0.48880532163061946,False
541,repeat_last,0.7985436893203883,0.7560679611650486,623,0.2097397920498521,False
542,recent50,0.8070388349514563,0.7305825242718447,602,0.5617039190713526,False
543,recent20,0.7839805825242718,0.7196601941747572,593,0.7149281989699228,False
544,exclude_last,0.7949029126213593,0.741504854368932,611,0.3984895521639562,False
545,exclude_last,0.7609223300970874,0.6941747572815534,572,0.9370479461639363,False
546,recent20,0.7949029126213593,0.7026699029126213,579,0.8867806117934394,False
547,cold_gap,0.7694174757281553,0.7281553398058253,600,0.5975336261150406,False
548,historical,0.7718446601941747,0.7572815533980582,624,0.19678438713652951,False
549,recent100,0.7694174757281553,0.7390776699029126,609,0.4342433395169152,False
550,fixed_1_6,0.7657766990291263,0.7172330097087378,591,0.7452182926492441,False
551,cold_gap,0.7754854368932039,0.75,618,0.28158805313955937,False
552,repeat_last,0.7269417475728155,0.7184466019417476,592,0.7302862119135235,False
553,cold_gap,0.7839805825242718,0.7111650485436893,586,0.8129209871859224,False
554,exclude_last,0.779126213592233,0.7451456310679612,614,0.34650443451839497,False
555,fixed_1_6,0.758495145631068,0.7487864077669902,617,0.2972620413105247,False
556,prespecified_full_linear,0.7803398058252428,0.7317961165048543,603,0.5435779510099145,False
557,recent20,0.7718446601941747,0.6990291262135923,576,0.9110259673607168,False
558,historical,0.7730582524271845,0.720873786407767,594,0.6991652543184983,False
559,exclude_last,0.7633495145631068,0.7257281553398058,598,0.6325617661226961,False
560,repeat_last,0.7427184466019418,0.7026699029126213,579,0.8867806117934394,False
561,fixed_1_6,0.7487864077669902,0.8143203883495146,671,0.0013166511356899329,True
562,fixed_1_6,0.7621359223300971,0.7293689320388349,601,0.5797013408847131,False
563,fixed_1_6,0.7815533980582524,0.7512135922330098,619,0.2663239119791186,False
564,historical,0.75,0.7281553398058253,600,0.5975336261150406,False
565,exclude_last,0.779126213592233,0.6856796116504854,565,0.9679387275865099,False
566,recent50,0.7669902912621359,0.7463592233009708,615,0.3297462616248388,False
567,fixed_1_6,0.7609223300970874,0.7063106796116505,582,0.8581550282525336,False
568,historical,0.7657766990291263,0.6966019417475728,574,0.9248932156289063,False
569,recent50,0.7779126213592233,0.7512135922330098,619,0.2663239119791186,False
570,ewma,0.7694174757281553,0.7330097087378641,604,0.525360829848416,False
571,ewma,0.7803398058252428,0.7014563106796117,578,0.895337242477618,False
572,recent100,0.758495145631068,0.6735436893203883,555,0.9895480313898409,False
573,repeat_last,0.7536407766990292,0.712378640776699,587,0.8003502382496974,False
574,cold_gap,0.7754854368932039,0.7317961165048543,603,0.5435779510099145,False
575,cold_gap,0.7754854368932039,0.7378640776699029,608,0.4523436802930008,False
576,historical,0.7669902912621359,0.7233009708737864,596,0.6665198595841199,False
577,exclude_last,0.7597087378640777,0.7803398058252428,643,0.042344827891062045,True
578,historical,0.779126213592233,0.7233009708737864,596,0.6665198595841199,False
579,repeat_last,0.7815533980582524,0.6953883495145631,573,0.9311772565970722,False
580,exclude_last,0.7536407766990292,0.7669902912621359,632,0.11125636257450994,False
581,recent50,0.7657766990291263,0.7402912621359223,610,0.4162798370944438,False
582,cold_gap,0.7475728155339806,0.7548543689320388,622,0.22318352957237225,False
583,historical,0.7742718446601942,0.8009708737864077,660,0.006151006253378225,True
584,recent20,0.7669902912621359,0.7075242718446602,583,0.8476079784124912,False
585,cold_gap,0.7742718446601942,0.6905339805825242,569,0.9523393170070952,False
586,recent20,0.7694174757281553,0.7281553398058253,600,0.5975336261150406,False
587,repeat_last,0.7669902912621359,0.7645631067961165,630,0.12961854403261824,False
588,recent20,0.7851941747572816,0.7548543689320388,622,0.22318352957237225,False
589,fixed_1_6,0.7949029126213593,0.7548543689320388,622,0.22318352957237225,False
590,cold_gap,0.7864077669902912,0.7706310679611651,635,0.08732862529121244,False
591,repeat_last,0.7888349514563107,0.758495145631068,625,0.18432577747804996,False
592,exclude_last,0.7815533980582524,0.7451456310679612,614,0.34650443451839497,False
593,cold_gap,0.7718446601941747,0.7390776699029126,609,0.4342433395169152,False
594,repeat_last,0.8118932038834952,0.7427184466019418,612,0.3809077895376133,False
595,recent50,0.7694174757281553,0.7706310679611651,635,0.08732862529121244,False
596,recent50,0.7864077669902912,0.7330097087378641,604,0.525360829848416,False
597,repeat_last,0.7973300970873787,0.7524271844660194,620,0.25149009712395237,False
598,recent20,0.7669902912621359,0.7439320388349514,613,0.3635685701246699,False
599,ewma,0.7694174757281553,0.7427184466019418,612,0.3809077895376133,False
600,fixed_1_6,0.7451456310679612,0.7233009708737864,596,0.6665198595841199,False
601,historical,0.8009708737864077,0.691747572815534,570,0.9476125393906026,False
602,cold_gap,0.7742718446601942,0.7609223300970874,627,0.16092100159564854,False
603,cold_gap,0.7730582524271845,0.7487864077669902,617,0.2972620413105247,False
604,recent100,0.7839805825242718,0.720873786407767,594,0.6991652543184983,False
605,recent50,0.7839805825242718,0.7342233009708737,605,0.5070905203342269,False
606,repeat_last,0.7621359223300971,0.7609223300970874,627,0.16092100159564854,False
607,repeat_last,0.7645631067961165,0.7148058252427184,589,0.7737324306823015,False
608,cold_gap,0.7536407766990292,0.6868932038834952,566,0.964500827299584,False
609,repeat_last,0.7766990291262136,0.6820388349514563,562,0.9766407492286588,False
610,ewma,0.8021844660194175,0.7281553398058253,600,0.5975336261150406,False
611,recent100,0.7487864077669902,0.7184466019417476,592,0.7302862119135235,False
612,recent50,0.7815533980582524,0.7621359223300971,628,0.14998015138892434,False
613,exclude_last,0.7766990291262136,0.7597087378640777,626,0.17237005601348904,False
614,fixed_1_6,0.7839805825242718,0.7730582524271845,637,0.07365931597746934,False
615,historical,0.7718446601941747,0.7597087378640777,626,0.17237005601348904,False
616,repeat_last,0.7378640776699029,0.6966019417475728,574,0.9248932156289063,False
617,repeat_last,0.7803398058252428,0.7657766990291263,631,0.12019050963371014,False
618,cold_gap,0.7548543689320388,0.7111650485436893,586,0.8129209871859224,False
619,recent50,0.758495145631068,0.7233009708737864,596,0.6665198595841199,False
620,repeat_last,0.7888349514563107,0.7754854368932039,639,0.061689369986829744,False
621,recent50,0.7427184466019418,0.7378640776699029,608,0.4523436802930008,False
622,cold_gap,0.741504854368932,0.7548543689320388,622,0.22318352957237225,False
623,prespecified_full_linear,0.7851941747572816,0.7135922330097088,588,0.7872843859325471,False
624,ewma,0.7633495145631068,0.7597087378640777,626,0.17237005601348904,False
625,fixed_1_6,0.7633495145631068,0.7172330097087378,591,0.7452182926492441,False
626,historical,0.7609223300970874,0.6990291262135923,576,0.9110259673607168,False
627,recent100,0.7597087378640777,0.7694174757281553,634,0.09483576746811007,False
628,recent20,0.7609223300970874,0.7135922330097088,588,0.7872843859325471,False
629,recent100,0.7694174757281553,0.758495145631068,625,0.18432577747804996,False
630,recent20,0.7766990291262136,0.7196601941747572,593,0.7149281989699228,False
631,ewma,0.7827669902912622,0.7111650485436893,586,0.8129209871859224,False
632,fixed_1_6,0.7609223300970874,0.7050970873786407,581,0.8681963876936509,False
633,cold_gap,0.7548543689320388,0.7293689320388349,601,0.5797013408847131,False
634,cold_gap,0.7864077669902912,0.7257281553398058,598,0.6325617661226961,False
635,recent20,0.787621359223301,0.7754854368932039,639,0.061689369986829744,False
636,cold_gap,0.7839805825242718,0.7354368932038835,606,0.48880532163061946,False
637,prespecified_full_linear,0.7985436893203883,0.7014563106796117,578,0.895337242477618,False
638,exclude_last,0.7694174757281553,0.7366504854368932,607,0.47054362663143273,False
639,historical,0.7839805825242718,0.7475728155339806,616,0.3133231039979236,False
640,prespecified_full_linear,0.7609223300970874,0.7196601941747572,593,0.7149281989699228,False
641,recent50,0.7682038834951457,0.6990291262135923,576,0.9110259673607168,False
642,recent20,0.7779126213592233,0.7293689320388349,601,0.5797013408847131,False
643,fixed_1_6,0.7827669902912622,0.7002427184466019,577,0.9034154459649429,False
644,repeat_last,0.7621359223300971,0.758495145631068,625,0.18432577747804996,False
645,recent50,0.7645631067961165,0.7281553398058253,600,0.5975336261150406,False
646,fixed_1_6,0.8555825242718447,0.7973300970873787,657,0.008994507098406195,True
647,recent20,0.7839805825242718,0.7597087378640777,626,0.17237005601348904,False
648,historical,0.7803398058252428,0.7317961165048543,603,0.5435779510099145,False
649,historical,0.7621359223300971,0.6893203883495146,568,0.9567182244397311,False
650,cold_gap,0.7621359223300971,0.787621359223301,649,0.022796947651367055,True
651,exclude_last,0.7900485436893204,0.6796116504854369,560,0.9812611111767664,False
652,exclude_last,0.7669902912621359,0.7002427184466019,577,0.9034154459649429,False
653,exclude_last,0.8118932038834952,0.7827669902912622,645,0.03470218703781948,True
654,repeat_last,0.7645631067961165,0.7184466019417476,592,0.7302862119135235,False
655,recent50,0.7548543689320388,0.741504854368932,611,0.3984895521639562,False
656,repeat_last,0.7669902912621359,0.7002427184466019,577,0.9034154459649429,False
657,recent20,0.7621359223300971,0.7245145631067961,597,0.6496904049125702,False
658,cold_gap,0.7706310679611651,0.7621359223300971,628,0.14998015138892434,False
659,prespecified_full_linear,0.779126213592233,0.7536407766990292,621,0.2371047297908644,False
660,repeat_last,0.7621359223300971,0.7572815533980582,624,0.19678438713652951,False
661,recent20,0.7864077669902912,0.7427184466019418,612,0.3809077895376133,False
662,recent20,0.7997572815533981,0.7390776699029126,609,0.4342433395169152,False
663,recent100,0.7936893203883495,0.7560679611650486,623,0.2097397920498521,False
664,repeat_last,0.7645631067961165,0.6978155339805825,575,0.9181808358447294,False
665,recent100,0.75,0.7330097087378641,604,0.525360829848416,False
666,ewma,0.7839805825242718,0.6953883495145631,573,0.9311772565970722,False
667,repeat_last,0.7815533980582524,0.7317961165048543,603,0.5435779510099145,False
668,historical,0.7718446601941747,0.7706310679611651,635,0.08732862529121244,False
669,cold_gap,0.7949029126213593,0.7099514563106796,585,0.8249900120461768,False
670,recent100,0.7548543689320388,0.7487864077669902,617,0.2972620413105247,False
671,ewma,0.8033980582524272,0.75,618,0.28158805313955937,False
672,repeat_last,0.7682038834951457,0.7487864077669902,617,0.2972620413105247,False
673,cold_gap,0.808252427184466,0.7487864077669902,617,0.2972620413105247,False
674,repeat_last,0.787621359223301,0.7269417475728155,599,0.6151652101037901,False
675,cold_gap,0.7597087378640777,0.7645631067961165,630,0.12961854403261824,False
676,recent100,0.7912621359223301,0.7402912621359223,610,0.4162798370944438,False
677,historical,0.7609223300970874,0.7439320388349514,613,0.3635685701246699,False
678,historical,0.7706310679611651,0.7257281553398058,598,0.6325617661226961,False
679,recent50,0.8252427184466019,0.7087378640776699,584,0.8365530202164848,False
680,recent20,0.7742718446601942,0.7548543689320388,622,0.22318352957237225,False
681,exclude_last,0.7633495145631068,0.7354368932038835,606,0.48880532163061946,False
682,repeat_last,0.7669902912621359,0.7427184466019418,612,0.3809077895376133,False
683,exclude_last,0.7779126213592233,0.7548543689320388,622,0.22318352957237225,False
684,cold_gap,0.7682038834951457,0.6783980582524272,559,0.9832633417042153,False
685,recent20,0.7694174757281553,0.7220873786407767,595,0.6830206541663417,False
686,cold_gap,0.7888349514563107,0.6650485436893204,548,0.9957381189951299,False
687,recent50,0.787621359223301,0.7269417475728155,599,0.6151652101037901,False
688,recent50,0.8046116504854369,0.7160194174757282,590,0.7597057860482179,False
689,fixed_1_6,0.7633495145631068,0.7463592233009708,615,0.3297462616248388,False
690,exclude_last,0.7572815533980582,0.7330097087378641,604,0.525360829848416,False
691,recent100,0.7803398058252428,0.6953883495145631,573,0.9311772565970722,False
692,ewma,0.7900485436893204,0.7330097087378641,604,0.525360829848416,False
693,recent100,0.75,0.7512135922330098,619,0.2663239119791186,False
694,repeat_last,0.7682038834951457,0.7233009708737864,596,0.6665198595841199,False
695,recent20,0.7548543689320388,0.7220873786407767,595,0.6830206541663417,False
696,fixed_1_6,0.7827669902912622,0.6966019417475728,574,0.9248932156289063,False
697,ewma,0.7961165048543689,0.7378640776699029,608,0.4523436802930008,False
698,cold_gap,0.7779126213592233,0.7317961165048543,603,0.5435779510099145,False
699,fixed_1_6,0.7718446601941747,0.7002427184466019,577,0.9034154459649429,False
700,historical,0.7706310679611651,0.7487864077669902,617,0.2972620413105247,False
701,cold_gap,0.7512135922330098,0.741504854368932,611,0.3984895521639562,False
702,recent20,0.7815533980582524,0.7220873786407767,595,0.6830206541663417,False
703,recent100,0.7851941747572816,0.7196601941747572,593,0.7149281989699228,False
704,recent20,0.7754854368932039,0.7439320388349514,613,0.3635685701246699,False
705,prespecified_full_linear,0.75,0.7293689320388349,601,0.5797013408847131,False
706,repeat_last,0.7597087378640777,0.7463592233009708,615,0.3297462616248388,False
707,cold_gap,0.779126213592233,0.7657766990291263,631,0.12019050963371014,False
708,fixed_1_6,0.7669902912621359,0.7924757281553398,653,0.014536734410019583,True
709,exclude_last,0.7682038834951457,0.7063106796116505,582,0.8581550282525336,False
710,cold_gap,0.8106796116504854,0.7342233009708737,605,0.5070905203342269,False
711,repeat_last,0.7645631067961165,0.7111650485436893,586,0.8129209871859224,False
712,prespecified_full_linear,0.8106796116504854,0.7888349514563107,650,0.020428786458272848,True
713,exclude_last,0.7366504854368932,0.7233009708737864,596,0.6665198595841199,False
714,recent100,0.7888349514563107,0.7026699029126213,579,0.8867806117934394,False
715,fixed_1_6,0.7827669902912622,0.7184466019417476,592,0.7302862119135235,False
716,repeat_last,0.8179611650485437,0.7366504854368932,607,0.47054362663143273,False
717,ewma,0.7694174757281553,0.7645631067961165,630,0.12961854403261824,False
718,recent50,0.7657766990291263,0.7342233009708737,605,0.5070905203342269,False
719,repeat_last,0.741504854368932,0.7050970873786407,581,0.8681963876936509,False
720,exclude_last,0.7524271844660194,0.7548543689320388,622,0.22318352957237225,False
721,cold_gap,0.7694174757281553,0.7330097087378641,604,0.525360829848416,False
722,recent100,0.7742718446601942,0.7257281553398058,598,0.6325617661226961,False
723,recent50,0.7512135922330098,0.7487864077669902,617,0.2972620413105247,False
724,recent20,0.7803398058252428,0.7475728155339806,616,0.3133231039979236,False
725,cold_gap,0.7657766990291263,0.7378640776699029,608,0.4523436802930008,False
726,repeat_last,0.7439320388349514,0.6953883495145631,573,0.9311772565970722,False
727,exclude_last,0.7512135922330098,0.7451456310679612,614,0.34650443451839497,False
728,fixed_1_6,0.7439320388349514,0.7245145631067961,597,0.6496904049125702,False
729,recent100,0.7657766990291263,0.7366504854368932,607,0.47054362663143273,False
730,repeat_last,0.7633495145631068,0.7099514563106796,585,0.8249900120461768,False
731,historical,0.7706310679611651,0.720873786407767,594,0.6991652543184983,False
732,repeat_last,0.7742718446601942,0.7184466019417476,592,0.7302862119135235,False
733,exclude_last,0.7633495145631068,0.7451456310679612,614,0.34650443451839497,False
734,recent50,0.7730582524271845,0.7560679611650486,623,0.2097397920498521,False
735,cold_gap,0.7669902912621359,0.6820388349514563,562,0.9766407492286588,False
736,recent100,0.7864077669902912,0.7063106796116505,582,0.8581550282525336,False
737,exclude_last,0.7536407766990292,0.7245145631067961,597,0.6496904049125702,False
738,repeat_last,0.758495145631068,0.7075242718446602,583,0.8476079784124912,False
739,recent100,0.7512135922330098,0.7694174757281553,634,0.09483576746811007,False
740,fixed_1_6,0.7815533980582524,0.7390776699029126,609,0.4342433395169152,False
741,repeat_last,0.7633495145631068,0.7305825242718447,602,0.5617039190713526,False
742,recent20,0.7718446601941747,0.7160194174757282,590,0.7597057860482179,False
743,repeat_last,0.7475728155339806,0.7402912621359223,610,0.4162798370944438,False
744,cold_gap,0.7912621359223301,0.7645631067961165,630,0.12961854403261824,False
745,historical,0.7402912621359223,0.7038834951456311,580,0.8777362399752886,False
746,prespecified_full_linear,0.7694174757281553,0.7451456310679612,614,0.34650443451839497,False
747,recent50,0.7730582524271845,0.7245145631067961,597,0.6496904049125702,False
748,fixed_1_6,0.7657766990291263,0.7245145631067961,597,0.6496904049125702,False
749,recent20,0.7682038834951457,0.6893203883495146,568,0.9567182244397311,False
750,recent100,0.7548543689320388,0.7172330097087378,591,0.7452182926492441,False
751,recent20,0.7633495145631068,0.7245145631067961,597,0.6496904049125702,False
752,recent50,0.7766990291262136,0.8033980582524272,662,0.004729019633609723,True
753,prespecified_full_linear,0.7997572815533981,0.7402912621359223,610,0.4162798370944438,False
754,repeat_last,0.7936893203883495,0.720873786407767,594,0.6991652543184983,False
755,cold_gap,0.7609223300970874,0.7366504854368932,607,0.47054362663143273,False
756,recent50,0.758495145631068,0.6990291262135923,576,0.9110259673607168,False
757,prespecified_full_linear,0.7949029126213593,0.7245145631067961,597,0.6496904049125702,False
758,fixed_1_6,0.7512135922330098,0.7463592233009708,615,0.3297462616248388,False
759,recent20,0.7536407766990292,0.6929611650485437,571,0.9425209637805891,False
760,recent50,0.7718446601941747,0.6905339805825242,569,0.9523393170070952,False
761,repeat_last,0.7730582524271845,0.7536407766990292,621,0.2371047297908644,False
762,prespecified_full_linear,0.741504854368932,0.6699029126213593,552,0.9928020820884648,False
763,historical,0.7718446601941747,0.7330097087378641,604,0.525360829848416,False
764,cold_gap,0.7694174757281553,0.7050970873786407,581,0.8681963876936509,False
765,repeat_last,0.7766990291262136,0.7317961165048543,603,0.5435779510099145,False
766,recent50,0.7427184466019418,0.7196601941747572,593,0.7149281989699228,False
767,exclude_last,0.7815533980582524,0.7269417475728155,599,0.6151652101037901,False
768,repeat_last,0.7900485436893204,0.8094660194174758,667,0.002369700842261196,True
769,historical,0.7754854368932039,0.7621359223300971,628,0.14998015138892434,False
770,recent20,0.7949029126213593,0.7512135922330098,619,0.2663239119791186,False
771,exclude_last,0.779126213592233,0.8264563106796117,681,0.0002641554687713361,True
772,fixed_1_6,0.75,0.691747572815534,570,0.9476125393906026,False
773,recent100,0.741504854368932,0.6905339805825242,569,0.9523393170070952,False
774,cold_gap,0.7985436893203883,0.7269417475728155,599,0.6151652101037901,False
775,recent100,0.7682038834951457,0.7560679611650486,623,0.2097397920498521,False
776,historical,0.7706310679611651,0.7548543689320388,622,0.22318352957237225,False
777,recent20,0.7706310679611651,0.7172330097087378,591,0.7452182926492441,False
778,recent100,0.8070388349514563,0.7694174757281553,634,0.09483576746811007,False
779,exclude_last,0.7597087378640777,0.7087378640776699,584,0.8365530202164848,False
780,prespecified_full_linear,0.7682038834951457,0.7038834951456311,580,0.8777362399752886,False
781,recent20,0.7645631067961165,0.7463592233009708,615,0.3297462616248388,False
782,repeat_last,0.7621359223300971,0.7305825242718447,602,0.5617039190713526,False
783,ewma,0.7754854368932039,0.7366504854368932,607,0.47054362663143273,False
784,cold_gap,0.7888349514563107,0.7148058252427184,589,0.7737324306823015,False
785,recent50,0.7718446601941747,0.7754854368932039,639,0.061689369986829744,False
786,prespecified_full_linear,0.8058252427184466,0.7002427184466019,577,0.9034154459649429,False
787,recent50,0.75,0.712378640776699,587,0.8003502382496974,False
788,recent20,0.7973300970873787,0.7524271844660194,620,0.25149009712395237,False
789,ewma,0.7548543689320388,0.7512135922330098,619,0.2663239119791186,False
790,recent20,0.7730582524271845,0.7402912621359223,610,0.4162798370944438,False
791,cold_gap,0.7669902912621359,0.7257281553398058,598,0.6325617661226961,False
792,repeat_last,0.7305825242718447,0.7973300970873787,657,0.008994507098406195,True
793,cold_gap,0.8300970873786407,0.7633495145631068,629,0.13954688860799924,False
794,recent100,0.7718446601941747,0.7754854368932039,639,0.061689369986829744,False
795,recent100,0.7912621359223301,0.6856796116504854,565,0.9679387275865099,False
796,recent50,0.779126213592233,0.7439320388349514,613,0.3635685701246699,False
797,historical,0.7803398058252428,0.7050970873786407,581,0.8681963876936509,False
798,recent100,0.8070388349514563,0.7779126213592233,641,0.05129519052093906,False
799,cold_gap,0.7487864077669902,0.7560679611650486,623,0.2097397920498521,False
800,historical,0.7730582524271845,0.7281553398058253,600,0.5975336261150406,False
801,fixed_1_6,0.7669902912621359,0.7257281553398058,598,0.6325617661226961,False
802,cold_gap,0.7560679611650486,0.7014563106796117,578,0.895337242477618,False
803,fixed_1_6,0.7827669902912622,0.7827669902912622,645,0.03470218703781948,True
804,repeat_last,0.7706310679611651,0.7548543689320388,622,0.22318352957237225,False
805,fixed_1_6,0.758495145631068,0.7257281553398058,598,0.6325617661226961,False
806,recent20,0.7633495145631068,0.7536407766990292,621,0.2371047297908644,False
807,recent50,0.7597087378640777,0.7451456310679612,614,0.34650443451839497,False
808,historical,0.7609223300970874,0.7427184466019418,612,0.3809077895376133,False
809,historical,0.7827669902912622,0.7560679611650486,623,0.2097397920498521,False
810,ewma,0.7730582524271845,0.7487864077669902,617,0.2972620413105247,False
811,cold_gap,0.7827669902912622,0.7621359223300971,628,0.14998015138892434,False
812,repeat_last,0.741504854368932,0.7172330097087378,591,0.7452182926492441,False
813,historical,0.7548543689320388,0.7827669902912622,645,0.03470218703781948,True
814,repeat_last,0.7949029126213593,0.6808252427184466,561,0.9790585656639875,False
815,cold_gap,0.7949029126213593,0.6747572815533981,556,0.9882091347787224,False
816,fixed_1_6,0.7730582524271845,0.7050970873786407,581,0.8681963876936509,False
817,historical,0.7609223300970874,0.7257281553398058,598,0.6325617661226961,False
818,recent100,0.7924757281553398,0.7172330097087378,591,0.7452182926492441,False
819,cold_gap,0.7706310679611651,0.7184466019417476,592,0.7302862119135235,False
820,cold_gap,0.7427184466019418,0.7354368932038835,606,0.48880532163061946,False
821,exclude_last,0.7912621359223301,0.7099514563106796,585,0.8249900120461768,False
822,historical,0.7609223300970874,0.7912621359223301,652,0.016313230938131695,True
823,recent100,0.7900485436893204,0.7342233009708737,605,0.5070905203342269,False
824,historical,0.7305825242718447,0.7087378640776699,584,0.8365530202164848,False
825,cold_gap,0.7487864077669902,0.7172330097087378,591,0.7452182926492441,False
826,repeat_last,0.7512135922330098,0.7099514563106796,585,0.8249900120461768,False
827,fixed_1_6,0.7815533980582524,0.7718446601941747,636,0.0802742742832589,False
828,recent100,0.7961165048543689,0.7766990291262136,640,0.05630341180044239,False
829,cold_gap,0.7718446601941747,0.7148058252427184,589,0.7737324306823015,False
830,cold_gap,0.7718446601941747,0.7803398058252428,643,0.042344827891062045,True
831,exclude_last,0.7730582524271845,0.7196601941747572,593,0.7149281989699228,False
832,recent50,0.808252427184466,0.7512135922330098,619,0.2663239119791186,False
833,fixed_1_6,0.7924757281553398,0.6941747572815534,572,0.9370479461639363,False
834,recent20,0.7766990291262136,0.6759708737864077,557,0.9867238580750535,False
835,ewma,0.7742718446601942,0.6990291262135923,576,0.9110259673607168,False
836,cold_gap,0.7779126213592233,0.7912621359223301,652,0.016313230938131695,True
837,historical,0.779126213592233,0.7366504854368932,607,0.47054362663143273,False
838,recent20,0.7936893203883495,0.7330097087378641,604,0.525360829848416,False
839,recent100,0.7633495145631068,0.7572815533980582,624,0.19678438713652951,False
840,cold_gap,0.7694174757281553,0.7487864077669902,617,0.2972620413105247,False
841,cold_gap,0.7524271844660194,0.691747572815534,570,0.9476125393906026,False
842,exclude_last,0.7427184466019418,0.7475728155339806,616,0.3133231039979236,False
843,fixed_1_6,0.7694174757281553,0.7487864077669902,617,0.2972620413105247,False
844,historical,0.7657766990291263,0.7475728155339806,616,0.3133231039979236,False
845,cold_gap,0.7597087378640777,0.7063106796116505,582,0.8581550282525336,False
846,cold_gap,0.7888349514563107,0.7742718446601942,638,0.06746939964998626,False
847,cold_gap,0.7233009708737864,0.7548543689320388,622,0.22318352957237225,False
848,recent100,0.75,0.7063106796116505,582,0.8581550282525336,False
849,historical,0.7657766990291263,0.7378640776699029,608,0.4523436802930008,False
850,exclude_last,0.7754854368932039,0.7536407766990292,621,0.2371047297908644,False
851,cold_gap,0.7706310679611651,0.7245145631067961,597,0.6496904049125702,False
852,repeat_last,0.7815533980582524,0.7997572815533981,659,0.006994965909621047,True
853,cold_gap,0.7900485436893204,0.7269417475728155,599,0.6151652101037901,False
854,recent20,0.7936893203883495,0.7439320388349514,613,0.3635685701246699,False
855,ewma,0.7475728155339806,0.7293689320388349,601,0.5797013408847131,False
856,ewma,0.787621359223301,0.7014563106796117,578,0.895337242477618,False
857,historical,0.7864077669902912,0.7269417475728155,599,0.6151652101037901,False
858,recent20,0.7572815533980582,0.7378640776699029,608,0.4523436802930008,False
859,repeat_last,0.758495145631068,0.7451456310679612,614,0.34650443451839497,False
860,recent20,0.8046116504854369,0.7148058252427184,589,0.7737324306823015,False
861,repeat_last,0.7815533980582524,0.7148058252427184,589,0.7737324306823015,False
862,cold_gap,0.7621359223300971,0.7354368932038835,606,0.48880532163061946,False
863,cold_gap,0.7548543689320388,0.7317961165048543,603,0.5435779510099145,False
864,recent100,0.7718446601941747,0.7439320388349514,613,0.3635685701246699,False
865,fixed_1_6,0.7669902912621359,0.6905339805825242,569,0.9523393170070952,False
866,cold_gap,0.7402912621359223,0.7463592233009708,615,0.3297462616248388,False
867,ewma,0.7985436893203883,0.6638349514563107,547,0.9962793950281956,False
868,recent100,0.7973300970873787,0.7160194174757282,590,0.7597057860482179,False
869,historical,0.7973300970873787,0.7269417475728155,599,0.6151652101037901,False
870,fixed_1_6,0.8033980582524272,0.7766990291262136,640,0.05630341180044239,False
871,exclude_last,0.7645631067961165,0.7354368932038835,606,0.48880532163061946,False
872,fixed_1_6,0.7439320388349514,0.779126213592233,642,0.046647987322873403,True
873,exclude_last,0.8033980582524272,0.758495145631068,625,0.18432577747804996,False
874,fixed_1_6,0.7597087378640777,0.7512135922330098,619,0.2663239119791186,False
875,fixed_1_6,0.7645631067961165,0.7330097087378641,604,0.525360829848416,False
876,recent100,0.7851941747572816,0.7512135922330098,619,0.2663239119791186,False
877,fixed_1_6,0.7451456310679612,0.7548543689320388,622,0.22318352957237225,False
878,cold_gap,0.7864077669902912,0.7196601941747572,593,0.7149281989699228,False
879,recent50,0.7657766990291263,0.7148058252427184,589,0.7737324306823015,False
880,recent50,0.7694174757281553,0.712378640776699,587,0.8003502382496974,False
881,exclude_last,0.7657766990291263,0.7269417475728155,599,0.6151652101037901,False
882,fixed_1_6,0.7730582524271845,0.7245145631067961,597,0.6496904049125702,False
883,repeat_last,0.779126213592233,0.7512135922330098,619,0.2663239119791186,False
884,exclude_last,0.7997572815533981,0.7888349514563107,650,0.020428786458272848,True
885,exclude_last,0.7706310679611651,0.7305825242718447,602,0.5617039190713526,False
886,recent20,0.7961165048543689,0.7099514563106796,585,0.8249900120461768,False
887,historical,0.7633495145631068,0.7317961165048543,603,0.5435779510099145,False
888,cold_gap,0.8094660194174758,0.7912621359223301,652,0.016313230938131695,True
889,recent100,0.75,0.7050970873786407,581,0.8681963876936509,False
890,fixed_1_6,0.7827669902912622,0.7815533980582524,644,0.03836860397598392,True
891,prespecified_full_linear,0.8240291262135923,0.7633495145631068,629,0.13954688860799924,False
892,recent100,0.7779126213592233,0.7354368932038835,606,0.48880532163061946,False
893,cold_gap,0.75,0.75,618,0.28158805313955937,False
894,prespecified_full_linear,0.7742718446601942,0.7463592233009708,615,0.3297462616248388,False
895,historical,0.75,0.7366504854368932,607,0.47054362663143273,False
896,recent20,0.779126213592233,0.7038834951456311,580,0.8777362399752886,False
897,fixed_1_6,0.779126213592233,0.7317961165048543,603,0.5435779510099145,False
898,historical,0.787621359223301,0.7463592233009708,615,0.3297462616248388,False
899,fixed_1_6,0.7718446601941747,0.7330097087378641,604,0.525360829848416,False
900,cold_gap,0.7682038834951457,0.7536407766990292,621,0.2371047297908644,False
901,ewma,0.7621359223300971,0.7475728155339806,616,0.3133231039979236,False
902,exclude_last,0.7706310679611651,0.7633495145631068,629,0.13954688860799924,False
903,fixed_1_6,0.7706310679611651,0.7111650485436893,586,0.8129209871859224,False
904,fixed_1_6,0.7560679611650486,0.787621359223301,649,0.022796947651367055,True
905,prespecified_full_linear,0.75,0.7402912621359223,610,0.4162798370944438,False
906,fixed_1_6,0.7572815533980582,0.7378640776699029,608,0.4523436802930008,False
907,recent50,0.7597087378640777,0.7135922330097088,588,0.7872843859325471,False
908,fixed_1_6,0.7742718446601942,0.7233009708737864,596,0.6665198595841199,False
909,recent100,0.8009708737864077,0.7451456310679612,614,0.34650443451839497,False
910,historical,0.7779126213592233,0.712378640776699,587,0.8003502382496974,False
911,recent100,0.7827669902912622,0.7451456310679612,614,0.34650443451839497,False
912,recent50,0.7706310679611651,0.7184466019417476,592,0.7302862119135235,False
913,recent100,0.7718446601941747,0.6699029126213593,552,0.9928020820884648,False
914,historical,0.7669902912621359,0.7366504854368932,607,0.47054362663143273,False
915,cold_gap,0.7524271844660194,0.7317961165048543,603,0.5435779510099145,False
916,recent50,0.7536407766990292,0.7293689320388349,601,0.5797013408847131,False
917,exclude_last,0.7766990291262136,0.7269417475728155,599,0.6151652101037901,False
918,repeat_last,0.7305825242718447,0.7827669902912622,645,0.03470218703781948,True
919,exclude_last,0.7572815533980582,0.7075242718446602,583,0.8476079784124912,False
920,cold_gap,0.7730582524271845,0.7099514563106796,585,0.8249900120461768,False
921,historical,0.7851941747572816,0.7293689320388349,601,0.5797013408847131,False
922,exclude_last,0.7402912621359223,0.7245145631067961,597,0.6496904049125702,False
923,cold_gap,0.7645631067961165,0.7245145631067961,597,0.6496904049125702,False
924,fixed_1_6,0.7718446601941747,0.7184466019417476,592,0.7302862119135235,False
925,repeat_last,0.7512135922330098,0.7621359223300971,628,0.14998015138892434,False
926,cold_gap,0.7779126213592233,0.7560679611650486,623,0.2097397920498521,False
927,historical,0.7827669902912622,0.7354368932038835,606,0.48880532163061946,False
928,cold_gap,0.7536407766990292,0.8021844660194175,661,0.005398526798125276,True
929,recent50,0.7524271844660194,0.7427184466019418,612,0.3809077895376133,False
930,recent50,0.7766990291262136,0.7536407766990292,621,0.2371047297908644,False
931,ewma,0.7851941747572816,0.7220873786407767,595,0.6830206541663417,False
932,recent50,0.7475728155339806,0.758495145631068,625,0.18432577747804996,False
933,ewma,0.7742718446601942,0.7402912621359223,610,0.4162798370944438,False
934,prespecified_full_linear,0.7694174757281553,0.7220873786407767,595,0.6830206541663417,False
935,recent100,0.7451456310679612,0.7135922330097088,588,0.7872843859325471,False
936,cold_gap,0.7597087378640777,0.7099514563106796,585,0.8249900120461768,False
937,recent100,0.8118932038834952,0.7512135922330098,619,0.2663239119791186,False
938,recent100,0.7390776699029126,0.7548543689320388,622,0.22318352957237225,False
939,prespecified_full_linear,0.7924757281553398,0.7063106796116505,582,0.8581550282525336,False
940,recent50,0.7779126213592233,0.7378640776699029,608,0.4523436802930008,False
941,repeat_last,0.7766990291262136,0.7233009708737864,596,0.6665198595841199,False
942,repeat_last,0.7645631067961165,0.7572815533980582,624,0.19678438713652951,False
943,recent100,0.7864077669902912,0.7657766990291263,631,0.12019050963371014,False
944,repeat_last,0.7779126213592233,0.7730582524271845,637,0.07365931597746934,False
945,prespecified_full_linear,0.7827669902912622,0.7427184466019418,612,0.3809077895376133,False
946,exclude_last,0.7851941747572816,0.7451456310679612,614,0.34650443451839497,False
947,recent20,0.7669902912621359,0.7293689320388349,601,0.5797013408847131,False
948,ewma,0.779126213592233,0.7427184466019418,612,0.3809077895376133,False
949,ewma,0.7463592233009708,0.7257281553398058,598,0.6325617661226961,False
950,repeat_last,0.7475728155339806,0.7354368932038835,606,0.48880532163061946,False
951,historical,0.7815533980582524,0.7354368932038835,606,0.48880532163061946,False
952,repeat_last,0.7633495145631068,0.6881067961165048,567,0.9607663500543601,False
953,ewma,0.7706310679611651,0.7475728155339806,616,0.3133231039979236,False
954,ewma,0.7694174757281553,0.7487864077669902,617,0.2972620413105247,False
955,repeat_last,0.8058252427184466,0.7621359223300971,628,0.14998015138892434,False
956,repeat_last,0.7766990291262136,0.6929611650485437,571,0.9425209637805891,False
957,repeat_last,0.7463592233009708,0.7427184466019418,612,0.3809077895376133,False
958,recent100,0.7815533980582524,0.7281553398058253,600,0.5975336261150406,False
959,recent20,0.7851941747572816,0.7135922330097088,588,0.7872843859325471,False
960,cold_gap,0.7609223300970874,0.7269417475728155,599,0.6151652101037901,False
961,repeat_last,0.7682038834951457,0.7645631067961165,630,0.12961854403261824,False
962,cold_gap,0.7839805825242718,0.6929611650485437,571,0.9425209637805891,False
963,exclude_last,0.7949029126213593,0.7111650485436893,586,0.8129209871859224,False
964,recent20,0.7766990291262136,0.7378640776699029,608,0.4523436802930008,False
965,recent100,0.7924757281553398,0.7621359223300971,628,0.14998015138892434,False
966,recent50,0.7560679611650486,0.7560679611650486,623,0.2097397920498521,False
967,repeat_last,0.8009708737864077,0.7050970873786407,581,0.8681963876936509,False
968,cold_gap,0.7645631067961165,0.7524271844660194,620,0.25149009712395237,False
969,fixed_1_6,0.8046116504854369,0.7427184466019418,612,0.3809077895376133,False
970,cold_gap,0.7730582524271845,0.7050970873786407,581,0.8681963876936509,False
971,recent100,0.7730582524271845,0.7317961165048543,603,0.5435779510099145,False
972,cold_gap,0.7694174757281553,0.7839805825242718,646,0.031328533425804585,True
973,exclude_last,0.7621359223300971,0.7694174757281553,634,0.09483576746811007,False
974,exclude_last,0.7621359223300971,0.7317961165048543,603,0.5435779510099145,False
975,exclude_last,0.7742718446601942,0.7293689320388349,601,0.5797013408847131,False
976,recent20,0.7924757281553398,0.7293689320388349,601,0.5797013408847131,False
977,recent100,0.7475728155339806,0.7196601941747572,593,0.7149281989699228,False
978,ewma,0.7597087378640777,0.7512135922330098,619,0.2663239119791186,False
979,fixed_1_6,0.779126213592233,0.7475728155339806,616,0.3133231039979236,False
980,exclude_last,0.7864077669902912,0.7075242718446602,583,0.8476079784124912,False
981,cold_gap,0.7609223300970874,0.7682038834951457,633,0.10280799780698574,False
982,ewma,0.7864077669902912,0.7087378640776699,584,0.8365530202164848,False
983,recent100,0.7730582524271845,0.7305825242718447,602,0.5617039190713526,False
984,historical,0.7657766990291263,0.7075242718446602,583,0.8476079784124912,False
985,fixed_1_6,0.8361650485436893,0.7354368932038835,606,0.48880532163061946,False
986,recent50,0.779126213592233,0.7548543689320388,622,0.22318352957237225,False
987,ewma,0.7536407766990292,0.7305825242718447,602,0.5617039190713526,False
988,recent100,0.7730582524271845,0.7463592233009708,615,0.3297462616248388,False
989,exclude_last,0.7669902912621359,0.7354368932038835,606,0.48880532163061946,False
990,recent20,0.7487864077669902,0.7354368932038835,606,0.48880532163061946,False
991,recent100,0.7548543689320388,0.7475728155339806,616,0.3133231039979236,False
992,fixed_1_6,0.7548543689320388,0.683252427184466,563,0.9739921918806832,False
993,cold_gap,0.7524271844660194,0.7609223300970874,627,0.16092100159564854,False
994,exclude_last,0.75,0.7961165048543689,656,0.01017029377236454,True
995,historical,0.7572815533980582,0.7682038834951457,633,0.10280799780698574,False
996,recent50,0.7839805825242718,0.7184466019417476,592,0.7302862119135235,False
997,historical,0.7742718446601942,0.7354368932038835,606,0.48880532163061946,False
998,repeat_last,0.7766990291262136,0.7293689320388349,601,0.5797013408847131,False
999,historical,0.7475728155339806,0.7111650485436893,586,0.8129209871859224,False
1000,exclude_last,0.7402912621359223,0.7572815533980582,624,0.19678438713652951,False
